MCC,MCC Title,Description,Included in this MCC,Similar Merchants,Page
0742,Veterinary Services,"Merchants classified with this MCC are licensed Animal Doctors, 5995 – Pet Shops, Pet Foods and practitioners of veterinary medicine, dentistry, or Pet Hospitals Supplies Store surgery. This MCC includes medical practitioners of Pet Clinics pets (e.g., dogs, cats), livestock (e.g., cattle, horses, sheep, hogs, goats, poultry), and large or exotic Services – Veterinary animals. Agricultural Co-operatives 0763 Merchants classified with this MCC provide farm Farm Management 0780 – Landscaping and Horticultural management services or engage in farming Services Services operations. Also included in this MCC are Orchards 4225 – Public Warehousing and associations and cooperatives that provide assistance Vineyards Storage – Farm Products, Refrigerated and services to farmers in farm management. These Goods, Household Goods, and Storage services include, but are not limited to financial assistance, management or complete maintenance of crops, soil preparation, planting and cultivating, aerial dusting and spraying, disease and insect control, weed control, and harvesting crops.",,,28
0780,Landscaping and Horticultural Services,"Merchants classified with this MCC provide landscape Gardening Services 5193 – Florist Supplies, Nursery planning and design services. This MCC also Horticulture Services Stock and Flowers includes Merchants that offer a variety of lawn and Landscaping Services 5261 – Nurseries and Lawn and garden services (e.g., planting, fertilizing, mowing, Garden Supply Stores mulching, seeding, spraying, sod laying).",,,28
1520,General Contractors – Residential and Commercial,"Merchants classified with this MCC are general Building Contractors – 1711 – Heating, Plumbing, and Air contractors primarily engaged in construction of Residential, Commercial Conditioning Contractors residential and/or commercial buildings. This MCC Construction Companies 1731 – Electrical Contractors includes contractors that perform new construction as General Contractors 1740 – Masonry, Stonework, Tile well as remodeling, repair, additions, or alterations. Setting, Plastering and Insulation Contractors",,,28
1750,– Carpentry Contractors,,,,28
1761,"– Roofing, Siding, and Sheet",Metal Work Contractors,,,28
1771,–Concrete Work Contractors,,,,28
1799,– Special Trade Contractors,(Not Elsewhere Classified),,,28
1711,"Heating, Plumbing, and Air Conditioning Contractors","Merchants classified with this MCC are contractors Air Conditioning 1520 – General Contractors – that provide heating, plumbing and air conditioning Contractors Residential and Commercial services. This MCC includes contractors that perform Heating Contractors 5074 – Plumbing and Heating air system balancing and testing, drainage system Plumbing Contractors Equipment and Supplies installation, furnace repair, irrigation system",,,28
1799,– Special Trade Contractors,"installation, refrigeration and freezer work, sewer (Not Elsewhere Classified) hookups and connections, solar heating, sprinkler system installation and water pump installation and April 2025 VISA PUBLIC 24",,,28
1731,Electrical Contractors,"Merchants classified with this MCC are contractors Contractors – Electrical 1520 – General Contractors – that provide electrical work such as fire alarm Residential and Commercial installation, sound equipment installation,",,,29
1799,– Special Trade Contractors,"telecommunications equipment installation, (Not Elsewhere Classified) cable/internet installation, and telephone and telephone equipment installation. Masonry, Stonework, Tile Setting, Plastering and Insulation Contractors 1740 Merchants classified with this MCC are contractors Insulation Contractors 1520 – General Contractors – that perform masonry work, stone setting and other Masonry Contractors Residential and Commercial stone work, tile setting, plain and ornamental Plastering Contractors 1799 – Special Trade Contractors plastering, and insulation. This MCC also includes (Not Elsewhere Classified) contractors that perform bricklaying, ceramic and Stonework Contractors marble work, mosaic work, acoustical improvements, Tile Setting Contractors and drywall construction.",,,29
1750,Carpentry Contractors,Merchants classified with this MCC are contractors Contractors – Carpentry 1520 – General Contractors – that perform carpentry work. This MCC includes Residential and Commercial contractors that do cabinet work at the construction,,,29
1799,– Special Trade Contractors,"site, framing, trim and finish work and window and (Not Elsewhere Classified) door installation.",,,29
1761,"Roofing, Siding, and Sheet Metal Work Contractors","Merchants classified with this MCC are contractors Contractors – Roofing 1520 – General Contractors – that install roofing and/or siding and do sheet metal Contractors – Sheet Metal Residential and Commercial work. This MCC includes contractors that perform Work 1799 – Special Trade Contractors architectural sheet metal work, ceilings and skylight Contractors – Siding (Not Elsewhere Classified) installation, duct and gutter installation, and roof spraying, painting or coating.",,,29
1771,Concrete Work Contractors,"Merchants classified with this MCC are contractors Asphalt Contractors 1520 – General Contractors – that perform concrete, cement or asphalt work. This Cement Contractors Residential and Commercial MCC includes contractors that construct private Contractors – Concrete 1799 – Special Trade Contractors driveways and walks of all materials. Also included in Work (Not Elsewhere Classified) this category are contractors that pour concrete for foundations and perform grouting work and concrete patio and sidewalk construction.",,,29
1799,Special Trade Contractors (Not Elsewhere Classified),"Merchants classified with this MCC are special trade Special Trade Contractors 1520 – General Contractors – contractors that perform construction work not Decorating Contractors Residential and Commercial covered with a more specific MCC. This MCC Demolition Services includes contractors that perform jobs such as awning Contractors installation, bathtub refinishing, fence construction, Garage Door Installation fire escape installation, house moving, home window replacement, garage door installation, ornamental Glasswork Contractors April 2025 VISA PUBLIC 25",,,29
2741,Miscellaneous Publishing and Printing,"Merchants classified with this MCC engage in Bookbinding Services 5192 – Books, Periodicals and business-to-business or wholesale printing, publishing Printing Services Newspapers and/or bookbinding activity. This includes Merchants Publishing Services 5942 – Book Stores that print or publish maps and atlases, business",,,30
7338,"– Quick Copy, Reproduction,","newsletters, directories, sheet music, paper patterns, and Blueprinting Services technical manuals and papers, telephone directories and yearbooks.",,,30
2791,"Typesetting, Plate Making and Related Services","Merchants classified with this MCC perform business- Plate Making Services 2741 – Miscellaneous Publishing to-business or wholesale typesetting for the printing Typesetting Services and Printing trade and those that make plates for printing 7338 – Quick Copy, Reproduction, purposes. These Merchants are involved in and Blueprinting Services advertisement typesetting, phototypesetting, computer-controlled typesetting, and color separations. This MCC also includes Merchants that make positives and negatives from which offset lithographic plates are made. These establishments do not print from the plates they make but prepare them only for use by other Merchants. This MCC also includes Merchants that provide engraving or embossing services for printing purposes, such as engraving on wood, rubber, copper, or steel, or photoengraving.",,,30
2842,"Specialty Cleaning, Polishing and Sanitation Preparations","Merchants classified with this MCC engage in the Cleaning Preparations 5085 – Industrial Supplies business-to-business or wholesale manufacture of Materials – Cleaning, (Not Elsewhere Classified) polishes for wood, metal, and other materials as well Polishing, Sanitation 5169 – Chemicals and Allied Products as cleaning solutions, industrial and household Polishing Preparations (Not Elsewhere Classified) disinfectants, and other sanitation preparations. Also included in this MCC are Merchants that sell non- Sanitation Preparations personal deodorants, waxes and dressings for fabricated leather and other materials, wax removers, dry cleaning fluid and chemicals, rust and stain removers, wallpaper cleaners, and window cleaning solutions. Airlines and Air Carriers April 2025 VISA PUBLIC 26",,,30
3000,UNITED AIRLINES UNITED AIR,,,,31
3001,AMERICAN AIRLINES AMERICAN AIR,,,,31
3002,PAN AMERICAN PAN AM AIR,,,,31
3003,EUROFLY AIRLINES EUROFLY AIR,,,,31
3004,DRAGON AIRLINES DRAGONAIR,,,,31
3005,BRITISH AIRWAYS BRITISH AWYS,,,,31
3006,JAPAN AIRLINES JAL AIRLINE,,,,31
3007,AIR FRANCE AIR FRANCE,,,,31
3008,LUFTHANSA LUFTHANSA,,,,31
3009,AIR CANADA AIR CANADA,,,,31
3010,KLM (ROYAL DUTCH AIRLINES) KLM AIRLINE,,,,31
3011,AEROFLOT AEROFLOT,,,,31
3012,QANTAS QANTAS AIR,,,,31
3013,ITA AIRWAYS (FORMERLY ALITALIA) ITA AIRWAYS (FORMERLY ALITALIA),,,,31
3014,SAUDI ARABIAN AIRLINES SAUDIA AIR,,,,31
3015,SWISS INTERNATIONAL AIRLINES SWISSINTAIR,,,,31
3016,SAS SAS,,,,31
3017,SOUTH AFRICAN AIRWAYS SAA AIRWAYS,,,,31
3018,VARIG (BRAZIL) VARIG,,,,31
3019,EASTERN AIRLINES EASTERN AIR,,,,31
3020,AIR-INDIA AIR-INDIA,,,,31
3021,AIR ALGERIE AIR ALGERIE,,,,31
3022,PHILIPPINE AIRLINES PAL AIR,,,,31
3023,MEXICANA MEXICANA,,,,31
3024,PAKISTAN INTERNATIONAL PAKISTAN AIR,,,,31
3025,AIR NEW ZEALAND AIR NZ,,,,31
3026,EMIRATES AIRLINES EMIRATES,,,,31
3027,UTA/INTERAIR UTA AIRLINE,,,,31
3028,KM MALTA AIRLINES (FORMERLY AIR MALTA) KMMA (FORMERLY AIR MALTA),,,,31
3029,SN BRUSSELS AIRLINES SNBRSSLSAIR,,,,31
3030,AEROLINEAS ARGENTINAS AERO ARGENT,,,,31
3031,OLYMPIC AIRWAYS OLYMPIC AIR,,,,31
3032,EL AL EL AL,,,,31
3033,ANSETT AIRLINES ANSETT AIR,,,,31
3034,ETIHAD AIRWAYS ETIHADAIR,,,,31
3035,TAP (PORTUGAL) TAP AIR,,,,31
3036,VASP (BRAZIL) VASP AIR,,,,31
3037,EGYPTAIR EGYPTAIR,April 2025 VISA PUBLIC 27,,,31
3038,KUWAIT AIRWAYS KUWAIT AIR,,,,32
3039,AVIANCA AVIANCA,,,,32
3040,GULF AIR (BAHRAIN) GULF AIR,,,,32
3041,BALKAN-BULGARIAN AIRLINES BALKAN AIR,,,,32
3042,FINNAIR FINNAIR,,,,32
3043,AER LINGUS AER LINGUS,,,,32
3044,AIR LANKA AIR LANKA,,,,32
3045,NIGERIA AIRWAYS NIGERIA AIR,,,,32
3046,CRUZEIRO DO SUL (BRAZIL) CRUZEIRO AIR,,,,32
3047,TURKISH AIRLINES TURKISH AIRLINES,,,,32
3048,ROYAL AIR MAROC AIR MAROC,,,,32
3049,TUNIS AIR TUNIS AIR,,,,32
3050,ICELANDAIR ICELANDAIR,,,,32
3051,AUSTRIAN AIRLINES AUSTRIAN AIR,,,,32
3052,LAN AIRLINES LAN AIR,,,,32
3053,AVIACO (SPAIN) AVIACO AIR,,,,32
3054,LADECO (CHILE) LADECO AIR,,,,32
3055,LAB (BOLIVIA) LAB AIR,,,,32
3056,JET AIRWAYS JET AIR,,,,32
3057,VIRGIN AMERICA VIR AMER,,,,32
3058,DELTA DELTA AIR,,,,32
3059,DBA AIRLINES DBA AIR,,,,32
3060,NORTHWEST NWA AIR,,,,32
3061,CONTINENTAL CONTINENTAL,,,,32
3062,HAPAG-LLOYD EXPRESS AIRLINES HLX AIR,,,,32
3063,US AIRWAYS USAIRWAYS,,,,32
3064,ADRIA AIRWAYS ADRIA AIR,,,,32
3065,AIRINTER AIRINTER,,,,32
3066,SOUTHWEST SOUTHWESTAIR,,,,32
3067,VANGUARD AIRLINES VANGUARD AIR,,,,32
3068,AIR ASTANA AIR ASTANA,,,,32
3069,SUN COUNTRY AIRLINES SUNCNTRYAIR,,,,32
3070,FLYDUBAI FLYDUBAI,,,,32
3071,AIR BRITISH COLUMBIA AIR BC,,,,32
3072,CEBU PACIFIC AIRLINES CEBU PAC,,,,32
3075,SINGAPORE AIRLINES SINGAPOREAIR,,,,32
3076,AEROMEXICO AEROMEXICO,,,,32
3077,THAI AIRWAYS THAI AIRWAYS,,,,32
3078,CHINA AIRLINES CHINA AIR,,,,32
3079,JETSTAR AIRWAYS JETSTAR AIR,April 2025 VISA PUBLIC 28,,,32
3080,SWOOP INC FLYSWOOP,,,,33
3081,XIAMEN AIRLINES XIAMEN AIR,,,,33
3082,KOREAN AIRLINES KOREAN AIR,,,,33
3083,AIR AFRIQUE AIR AFRIQUE,,,,33
3084,EVA AIRWAYS EVA AIR,,,,33
3085,MIDWEST EXPRESS AIRLINES MIDWEST EXP,,,,33
3086,CARNIVAL AIRLINES CARNIVAL AIR,,,,33
3087,METRO AIRLINES METRO AIR,,,,33
3088,CROATIA AIRLINES CROATIA AIR,,,,33
3089,TRANSAERO TRANSAERO,,,,33
3090,UNI AIRWAYS CORPORATION UNIAIR,,,,33
3094,ZAMBIA AIRWAYS ZAMBIA AIR,,,,33
3096,AIR ZIMBABWE AIR ZIMBABWE,,,,33
3097,SPANAIR SPANAIR,,,,33
3098,ASIANA AIRLINES ASIANA AIR,,,,33
3099,CATHAY PACIFIC CATHAYPACAIR,,,,33
3100,MALAYSIAN AIRLINE SYSTEM MALAY AIR,,,,33
3102,IBERIA IBERIA AIR,,,,33
3103,GARUDA (INDONESIA) GARUDA AIR,,,,33
3106,BRAATHENS S.A.F.E. (NORWAY) BRAATHENS,,,,33
3110,WINGS AIRWAYS WINGS AIR,,,,33
3111,BRITISH MIDLAND BRMIDLANDAIR,,,,33
3112,WINDWARD ISLAND WINDWRDISAIR,,,,33
3115,TOWER AIR TOWERAIR,,,,33
3117,VIASA VIASA,,,,33
3118,VALLEY AIRLINES VALLEY AIR,,,,33
3125,TAN TAN AIR,,,,33
3126,TALAIR TALAIR,,,,33
3127,TACA INTERNATIONAL TACAINTL AIR,,,,33
3129,SURINAM AIRWAYS SURINAM AIR,,,,33
3130,SUNWORLD INTERNATIONAL SUNWORLD AIR,,,,33
3131,VLM AIRLINES VLM AIR,,,,33
3132,FRONTIER AIRLINES FRONTIER AIR,,,,33
3133,SUNBELT AIRLINES SUNBELT AIR,,,,33
3135,SUDAN AIRWAYS SUDAN AIR,,,,33
3136,QATAR AIRWAYS QATAR AIR,,,,33
3137,SINGLETON SINGLETONAIR,,,,33
3138,SIMMONS AIRLINES SIMMONS AIR,,,,33
3143,SCENIC AIRLINES SCENIC AIR,,,,33
3144,VIRGIN ATLANTIC VIRGINATLAIR,April 2025 VISA PUBLIC 29,,,33
3145,SAN JUAN AIRLINES SAN JUAN AIR,,,,34
3146,LUXAIR LUXAIR,,,,34
3148,AIR LITTORAL SA AIRLITTORAL,,,,34
3151,AIR ZAIRE AIR ZAIRE,,,,34
3154,PRINCEVILLE PRINCVLLEAIR,,,,34
3156,GO FLY LTD GOFLY,,,,34
3159,PBA PBA AIRLINE,,,,34
3161,ALL NIPPON AIRWAYS ANA AIR,,,,34
3164,NORONTAIR NORONTAIR,,,,34
3165,NEW YORK HELICOPTER NY HELI,,,,34
3167,AEROCONTINENTE AEROCONTINEN,,,,34
3168,HAINAN AIRLINES HAINANAIR,,,,34
3169,RIYADH AIR RIYADHAIR,,,,34
3170,MOUNT COOK MT COOK AIR,,,,34
3171,CANADIAN AIRLINES INTERNATIONAL CANADIAN AIR,,,,34
3172,NATIONAIR NATIONAIR,,,,34
3174,JETBLUE AIRWAYS JETBLUE,,,,34
3175,MIDDLE EAST AIR MIDEAST AIR,,,,34
3176,METROFLIGHT AIRLINES METROFLT AIR,,,,34
3177,AIRTRAN AIRWAYS AIRTRANAIR,,,,34
3178,MESA AIR MESA AIR,,,,34
3180,WESTJET AIRLINES WESTJETAIR,,,,34
3181,MALEV MALEV AIR,,,,34
3182,LOT (POLAND) LOT AIR,,,,34
3183,OMAN AVIATION SERVICES OMANAIR,,,,34
3184,LIAT LIAT AIRLINE,,,,34
3185,LAV (VENEZUELA) LAV AIR,,,,34
3186,LAP (PARAGUAY) LAP AIR,,,,34
3187,LACSA (COSTA RICA) LACSA AIR,,,,34
3188,VIRGIN EXPRESS VIRGINEXPAIR,,,,34
3190,JUGOSLAV AIR JUGOSLAV AIR,,,,34
3191,ISLAND AIRLINES ISLAND AIR,,,,34
3193,INDIAN AIRLINES INDIAN AIR,,,,34
3196,HAWAIIAN AIR HAWAIIAN AIR,,,,34
3197,HAVASU AIRLINES HAVASU AIR,,,,34
3200,GUYANA AIRWAYS GUYANA AIR,,,,34
3203,GOLDEN PACIFIC AIR GOLDPAC AIR,,,,34
3204,FREEDOM AIR FREEDOM AIR,,,,34
3206,CHINA EASTERN AIRLINES CHINEASTAIR,,,,34
3211,NORWEGIAN AIR SHUTTLE NORWEGIANAIR,April 2025 VISA PUBLIC 30,,,34
3212,DOMINICANA DOMINICA AIR,,,,35
3213,BRAATHENS REGIONAL AIRLINES BRAATHENS REGIONAL AIR,,,,35
3215,DAN AIR SERVICES DANAIRSERV,,,,35
3216,CUMBERLAND AIRLINES CUMBERLNDAIR,,,,35
3217,CSA CSA AIRLINE,,,,35
3218,CROWN AIR CROWN AIR,,,,35
3219,COPA COPA AIR,,,,35
3220,COMPANIA FAUCETT COMP FAU AIR,TRANSPORTES AEROS MILITARES,,,35
3221,TAME AIRLINE,ECUATORIANOS,,,35
3222,COMMAND AIRWAYS COMMAND AIR,,,,35
3223,COMAIR COMAIR,,,,35
3226,SKYWAYS AIR SKYWAYS AIR,,,,35
3228,CAYMAN AIRWAYS CAYMANAIR,SAETA – SOCIAEDAD ECUATORIANOS DE,,,35
3229,SAETA AIR,TRANSPORTES AEREOS,,,35
3231,SAHSA – SERVICIO AEREO DE HONDURAS SAHSA AIR,,,,35
3233,CAPITOL AIR CAPITOL AIR,,,,35
3234,CARIBBEAN AIRLINES CARIBBEANAIR,,,,35
3235,BROCKWAY AIR BROCKWAY AIR,,,,35
3236,AIR ARABIA AIRLINE AIR ARABIA,,,,35
3238,BEMIDJI AIRLINES BEMIDJI AIR,,,,35
3239,BAR HARBOR AIRLINES BARHARBORAIR,,,,35
3240,BAHAMASAIR BAHAMASAIR,,,,35
3241,AVIATECA (GUATEMALA) AVIATECA AIR,,,,35
3242,AVENSA AVENSA AIR,,,,35
3243,AUSTRIAN AIR SERVICE AUST AIRSERV,,,,35
3245,EASYJET AIRLINES EASYJET AIR,,,,35
3246,RYANAIR RYANAIR,,,,35
3247,GOL AIRLINES GOL AIR,,,,35
3248,TAM AIRLINES TAM AIR,,,,35
3251,ALOHA AIRLINES ALOHA AIR,,,,35
3252,ALM ALM AIRLINE,,,,35
3254,US AIR SHUTTLE USAIRSHUTL,,,,35
3256,ALASKA AIRLINES ALASKA AIR,,,,35
3259,AMERICAN TRANS AIR ATA AIR,,,,35
3260,SPIRIT AIRLINES SPIRIT AIR,,,,35
3261,AIR CHINA AIR CHINA,,,,35
3262,"RENO AIR, INC. RENO AIR",,,,35
3263,AERO SERVICO CARABOBO ASC AIRLINE,,,,35
3266,AIR SEYCHELLES AIR SEYCH,April 2025 VISA PUBLIC 31,,,35
3267,AIR PANAMA AIR PANAMA,,,,36
3280,AIR JAMAICA AIR JAMAICA,,,,36
3282,AIR DJIBOUTI AIR DJIBOUTI,,,,36
3284,AERO VIRGIN ISLANDS AERVIRGINIS,,,,36
3285,AEROPERU AEROPERU,,,,36
3286,AEROLINEAS NICARAGUENSIS AERONICARAG,,,,36
3287,AERO COACH AVIATION AEROCOACH AV,,,,36
3292,CYPRUS AIRWAYS CYPRUS AIR,,,,36
3293,ECUATORIANA ECUATORIANA,,,,36
3294,ETHIOPIAN AIRLINES ETHIOPIAN AIR,,,,36
3295,KENYA AIRWAYS KENYA AIR,,,,36
3296,AIR BERLIN AIR BERLIN,,,,36
3297,TAROM ROMANIAN AIR TRANSPORT TAROM AIR,,,,36
3298,AIR MAURITIUS AIRMAURITIUS,,,,36
3299,WIDEROE’S FLYVESELSKAP WIDEROES,,,,36
3300,AZUL AIR AZUL AIR,,,,36
3301,WIZZ AIR WIZZ AIR,,,,36
3302,FLYBE LTD FLYBEAIR,,,,36
3303,TIGERAIR TIGERAIR,CHINA SOUTHERN,,,36
3308,CHINA SOUTHERN AIRLINES,Car Rental Agencies Merchant Name MCC,,,36
3351,AFFILIATED AUTO RENTAL,,,,36
3352,AMERICAN INTL RENT-A-CAR,,,,36
3353,BROOKS RENT-A-CAR,,,,36
3354,ACTION AUTO RENTAL,,,,36
3355,SIXT CAR RENTAL,,,,36
3357,HERTZ,,,,36
3359,PAYLESS CAR RENTAL,,,,36
3360,SNAPPY CAR RENTAL,,,,36
3361,AIRWAYS RENT-A-CAR,,,,36
3362,ALTRA AUTO RENTAL,,,,36
3364,AGENCY RENT-A-CAR,April 2025 VISA PUBLIC 32,,,36
3366,BUDGET RENT-A-CAR,,,,37
3368,HOLIDAY RENT-A-CAR,,,,37
3370,RENT-A-WRECK,,,,37
3374,ACCENT RENT-A-CAR,,,,37
3376,AJAX RENT-A-CAR,,,,37
3380,TRIANGLE RENT-A-CAR,,,,37
3381,EUROP CAR,,,,37
3385,TROPICAL RENT-A-CAR,,,,37
3386,SHOWCASE RENTAL CARS,,,,37
3387,ALAMO RENT-A-CAR,,,,37
3388,MERCHANTS RENT-A-CAR,,,,37
3389,AVIS RENT-A-CAR,,,,37
3390,DOLLAR RENT-A-CAR,,,,37
3391,EUROPE BY CAR,,,,37
3393,NATIONAL CAR RENTAL,,,,37
3394,KEMWELL GROUP RENT-A-CAR,,,,37
3395,THRIFTY CAR RENTAL,,,,37
3396,TILDEN RENT-A-CAR,,,,37
3398,ECONO-CAR RENT-A-CAR,,,,37
3400,AUTO HOST CAR RENTALS,,,,37
3405,ENTERPRISE RENT-A-CAR,,,,37
3409,GENERAL RENT-A-CAR,,,,37
3412,A-1 RENT-A-CAR,,,,37
3414,GODFREY NATL RENT-A-CAR,,,,37
3420,ANSA INTL RENT-A-CAR,,,,37
3421,ALLSTATE RENT-A-CAR,,,,37
3423,AVCAR RENT-A-CAR,,,,37
3425,AUTOMATE RENT-A-CAR,April 2025 VISA PUBLIC 33,,,37
3427,AVON RENT-A-CAR,,,,38
3428,CAREY RENT-A-CAR,,,,38
3429,INSURANCE RENT-A-CAR,,,,38
3430,MAJOR RENT-A-CAR,,,,38
3431,REPLACEMENT RENT-A-CAR,,,,38
3432,RESERVE RENT-A-CAR,,,,38
3433,UGLY DUCKLING RENT-A-CAR,,,,38
3434,USA RENT-A-CAR,,,,38
3435,VALUE RENT-A-CAR,,,,38
3436,AUTOHANSA RENT-A-CAR,,,,38
3437,CITE RENT-A-CAR,,,,38
3438,INTERENT RENT-A-CAR,,,,38
3439,MILLEVILLE RENT-A-CAR,,,,38
3441,ADVANTAGE RENT-A-CAR,"Lodging – Hotels, Motels, Resorts MCC Merchant Name",,,38
3501,HOLIDAY INNS,,,,38
3502,BEST WESTERN HOTELS,,,,38
3503,SHERATON,,,,38
3504,HILTON HOTELS,,,,38
3505,FORTE HOTELS,,,,38
3506,GOLDEN TULIP HOTELS,,,,38
3507,FRIENDSHIP INNS,,,,38
3508,QUALITY INNS,,,,38
3509,MARRIOTT,,,,38
3510,DAYS INNS,,,,38
3511,ARABELLA HOTELS,April 2025 VISA PUBLIC 34,,,38
3512,INTER-CONTINENTAL HOTELS,,,,39
3513,WESTIN,,,,39
3514,AMERISUITES,,,,39
3515,RODEWAY INNS,,,,39
3516,LA QUINTA INN AND SUITES,,,,39
3517,AMERICANA HOTELS,,,,39
3518,SOL HOTELS,,,,39
3519,PULLMAN INTERNATIONAL HOTELS,,,,39
3520,MERIDIEN HOTELS,,,,39
3521,ROYAL LAHAINA RESORTS,,,,39
3522,TOKYO HOTEL,,,,39
3523,PENINSULA HOTEL,,,,39
3524,WELCOMGROUP HOTELS,,,,39
3525,DUNFEY HOTELS,,,,39
3526,PRINCE HOTELS,,,,39
3527,DOWNTOWNER-PASSPORT HOTEL,,,,39
3528,RED LION INNS,,,,39
3529,CP HOTELS,,,,39
3530,RENAISSANCE HOTELS,,,,39
3531,KAUAI COCONUT BEACH RESORT,,,,39
3532,ROYAL KONA RESORT,,,,39
3533,HOTEL IBIS,,,,39
3534,SOUTHERN PACIFIC HOTELS,,,,39
3535,HILTON INTERNATIONALS,,,,39
3536,AMFAC HOTELS,,,,39
3537,ANA HOTEL,,,,39
3538,CONCORDE HOTELS,,,,39
3539,SUMMERFIELD SUITES HOTELS,April 2025 VISA PUBLIC 35,,,39
3540,IBEROTEL HOTELS,,,,40
3541,HOTEL OKURA,,,,40
3542,ROYAL HOTELS,,,,40
3543,FOUR SEASONS HOTELS,,,,40
3544,CIGA HOTELS,,,,40
3545,SHANGRI-LA INTERNATIONAL,,,,40
3546,HOTEL SIERRA,,,,40
3548,HOTELES MELIA,,,,40
3549,AUBERGE DES GOVERNEURS,,,,40
3550,REGAL 8 INNS,,,,40
3551,MIRAGE HOTEL AND CASINO,,,,40
3552,COAST HOTELS,,,,40
3553,PARK INNS INTERNATIONAL,,,,40
3554,PINEHURST RESORT,,,,40
3555,TREASURE ISLAND HOTEL AND CASINO,,,,40
3556,BARTON CREEK RESORT,,,,40
3557,MANHATTAN EAST SUITE HOTELS,,,,40
3558,JOLLY HOTELS,,,,40
3559,CANDLEWOOD SUITES,,,,40
3560,ALADDIN RESORT AND CASINO,,,,40
3561,GOLDEN NUGGET,,,,40
3562,COMFORT INNS,,,,40
3563,JOURNEY’S END MOTELS,,,,40
3564,SAM’S TOWN HOTEL AND CASINO,,,,40
3565,RELAX INNS,,,,40
3566,GARDEN PLACE HOTEL,,,,40
3567,SOHO GRAND HOTEL,,,,40
3568,LADBROKE HOTELS,April 2025 VISA PUBLIC 36,,,40
3569,TRIBECA GRAND HOTEL,,,,41
3570,FORUM HOTELS,,,,41
3571,GRAND WAILEA RESORT,,,,41
3572,MIYAKO HOTELS,,,,41
3573,SANDMAN HOTELS,,,,41
3574,VENTURE INNS,,,,41
3575,VAGABOND HOTELS,,,,41
3576,LA QUINTA RESORT,,,,41
3577,MANDARIN ORIENTAL HOTEL,,,,41
3578,FRANKENMUTH BAVARIAN,,,,41
3579,HOTEL MERCURE,,,,41
3580,HOTEL DEL CORONADO,,,,41
3581,DELTA HOTEL,,,,41
3582,CALIFORNIA HOTEL AND CASINO,,,,41
3583,RADISSON BLU,,,,41
3584,PRINCESS HOTELS INTERNATIONAL,,,,41
3585,HUNGAR HOTELS,,,,41
3586,SOKOS HOTELS,,,,41
3587,DORAL HOTELS,,,,41
3588,HELMSLEY HOTELS,,,,41
3589,DORAL GOLF RESORT,,,,41
3590,FAIRMONT HOTELS,,,,41
3591,SONESTA HOTELS,,,,41
3592,OMNI HOTELS,,,,41
3593,CUNARD HOTELS,,,,41
3594,ARIZONA BILTMORE,,,,41
3595,HOSPITALITY INNS,,,,41
3596,WYNN LAS VEGAS,April 2025 VISA PUBLIC 37,,,41
3597,RIVERSIDE RESORT HOTEL AND CASINO,,,,42
3598,REGENT INTERNATIONAL HOTELS,,,,42
3599,PANNONIA HOTELS,,,,42
3600,SADDLEBROOK RESORT TAMPA,,,,42
3601,TRADEWINDS RESORTS,,,,42
3602,HUDSON HOTEL,,,,42
3603,NOAH’S HOTELS,,,,42
3604,HILTON GARDEN INN,,,,42
3607,FONTAINEBLEAU RESORTS,,,,42
3608,GAYLORD OPRYLAND,,,,42
3609,GAYLORD PALMS,,,,42
3612,MOEVENPICK HOTELS,,,,42
3613,MICROTEL INNS & SUITES,,,,42
3614,AMERICINN,,,,42
3615,TRAVELODGE,,,,42
3617,AMERICA’S BEST VALUE INN,,,,42
3618,GREAT WOLF,,,,42
3619,ALOFT,,,,42
3620,BINION’S HORSESHOE CLUB,,,,42
3621,EXTENDED STAY,,,,42
3622,MERLIN HOTELS,,,,42
3623,DORINT HOTELS,,,,42
3624,LADY LUCK HOTEL AND CASINO,,,,42
3625,HOTEL UNIVERSALE,,,,42
3626,STUDIO PLUS,,,,42
3627,EXTENDED STAY AMERICA,,,,42
3628,EXCALIBUR HOTEL AND CASINO,,,,42
3629,DAN HOTELS,April 2025 VISA PUBLIC 38,,,42
3630,TOKYU HOTELS,,,,43
3631,SLEEP INN,,,,43
3632,THE PHOENICIAN,,,,43
3633,RANK HOTELS,,,,43
3634,SWISSOTEL,,,,43
3635,RESO HOTELS,,,,43
3636,SAROVA HOTELS,,,,43
3637,RAMADA INNS,,,,43
3638,HOWARD JOHNSON,,,,43
3639,MOUNT CHARLOTTE THISTLE,,,,43
3640,HYATT HOTELS,,,,43
3641,SOFITEL HOTELS,,,,43
3642,NOVOTEL HOTELS,,,,43
3643,STEIGENBERGER HOTELS,,,,43
3644,ECONO LODGES,,,,43
3645,QUEENS MOAT HOUSES,,,,43
3646,SWALLOW HOTELS,,,,43
3647,HUSA HOTELS,,,,43
3648,DE VERE HOTELS,,,,43
3649,RADISSON HOTELS,,,,43
3650,RED ROOF INNS,,,,43
3651,IMPERIAL LONDON HOTEL,,,,43
3652,EMBASSY HOTELS,,,,43
3653,PENTA HOTELS,,,,43
3654,LOEWS HOTELS,,,,43
3655,SCANDIC HOTELS,,,,43
3656,SARA HOTELS,,,,43
3657,OBEROI HOTELS,April 2025 VISA PUBLIC 39,,,43
3658,NEW OTANI HOTELS,,,,44
3659,TAJ HOTELS INTERNATIONAL,,,,44
3660,KNIGHTS INNS,,,,44
3661,METROPOLE HOTELS,,,,44
3662,CIRCUS CIRCUS HOTEL AND CASINO,,,,44
3663,HOTELES EL PRESIDENTE,,,,44
3664,FLAG INN,,,,44
3665,HAMPTON INNS,,,,44
3666,STAKIS HOTELS,,,,44
3667,LUXOR HOTEL AND CASINO,,,,44
3668,MARITIM HOTELS,,,,44
3669,ELDORADO HOTEL AND CASINO,,,,44
3670,ARCADE HOTELS,,,,44
3671,ARCTIA HOTELS,,,,44
3672,CAMPANILE HOTELS,,,,44
3673,IBUSZ HOTELS,,,,44
3674,RANTASIPI HOTELS,,,,44
3675,INTERHOTEL CEDOK,,,,44
3676,MONTE CARLO HOTEL AND CASINO,,,,44
3677,CLIMAT DE FRANCE HOTELS,,,,44
3678,CUMULUS HOTELS,,,,44
3679,SILVER LEGACY HOTEL AND CASINO,,,,44
3680,HOTEIS OTHAN,,,,44
3681,ADAMS MARK HOTELS,,,,44
3682,SAHARA HOTEL AND CASINO,,,,44
3683,BRADBURY SUITES,,,,44
3684,BUDGET HOST INNS,,,,44
3685,BUDGETEL INNS,April 2025 VISA PUBLIC 40,,,44
3686,SUSSE CHALET,,,,45
3687,CLARION HOTELS,,,,45
3688,COMPRI HOTELS,,,,45
3689,CONSORT HOTELS,,,,45
3690,COURTYARD BY MARRIOTT,,,,45
3691,DILLON INNS,,,,45
3692,DOUBLETREE HOTELS,,,,45
3693,DRURY INNS,,,,45
3694,ECONOMY INNS OF AMERICA,,,,45
3695,EMBASSY SUITES,,,,45
3696,EXEL INNS,,,,45
3697,FAIRFIELD HOTELS,,,,45
3698,HARLEY HOTELS,,,,45
3699,MIDWAY MOTOR LODGE,,,,45
3700,MOTEL 6,,,,45
3701,LA MANSION DEL RIO,,,,45
3702,THE REGISTRY HOTELS,,,,45
3703,RESIDENCE INNS,,,,45
3704,ROYCE HOTELS,,,,45
3705,SANDMAN INNS,,,,45
3706,SHILO INNS,,,,45
3707,SHONEY’S INNS,,,,45
3708,VIRGIN RIVER HOTEL AND CASINO,,,,45
3709,SUPER 8 MOTELS,,,,45
3710,THE RITZ-CARLTON,,,,45
3711,FLAG INNS (AUSTRALIA),,,,45
3712,BUFFALO BILL’S HOTEL AND CASINO,,,,45
3713,QUALITY PACIFIC HOTEL,April 2025 VISA PUBLIC 41,,,45
3714,FOUR SEASONS HOTEL (AUSTRALIA),,,,46
3715,FAIRFIELD INN,,,,46
3716,CARLTON HOTELS,,,,46
3717,CITY LODGE HOTELS,,,,46
3718,KAROS HOTELS,,,,46
3719,PROTEA HOTELS,,,,46
3720,SOUTHERN SUN HOTELS,,,,46
3721,HILTON CONRAD,,,,46
3722,WYNDHAM,,,,46
3723,RICA HOTELS,,,,46
3724,INTER NOR HOTELS,,,,46
3725,SEA PINES RESORT,,,,46
3726,RIO SUITES,,,,46
3727,BROADMOOR HOTEL,,,,46
3728,BALLY’S HOTEL AND CASINO,,,,46
3729,JOHN ASCUAGA’S NUGGET,,,,46
3730,MGM GRAND HOTEL,,,,46
3731,HARRAH’S HOTELS AND CASINOS,,,,46
3732,OPRYLAND HOTEL,,,,46
3734,HARVEY/BRISTOL HOTELS,,,,46
3735,MASTERS ECONOMY INNS,,,,46
3736,COLORADO BELLE/EDGEWATER RESORT,,,,46
3737,RIVIERA HOTEL AND CASINO,,,,46
3738,TROPICANA RESORT & CASINO,,,,46
3739,WOODSIDE HOTELS & RESORTS,,,,46
3740,TOWNEPLACE SUITES,,,,46
3741,MILLENNIUM HOTELS,,,,46
3742,CLUB MED,April 2025 VISA PUBLIC 42,,,46
3743,BILTMORE HOTEL & SUITES,,,,47
3744,CAREFREE RESORTS,,,,47
3745,ST. REGIS HOTEL,,,,47
3746,THE ELIOT HOTEL,,,,47
3747,CLUBCORP/CLUBRESORTS,,,,47
3748,WELLESLEY INNS,,,,47
3749,THE BEVERLY HILLS HOTEL,,,,47
3750,CROWNE PLAZA HOTELS,,,,47
3751,HOMEWOOD SUITES,,,,47
3752,PEABODY HOTELS,,,,47
3753,GREENBRIAR RESORTS,,,,47
3754,AMELIA ISLAND PLANTATION,,,,47
3755,THE HOMESTEAD,,,,47
3756,TOYOKO INN,,,,47
3757,CANYON RANCH,,,,47
3758,KAHALA MANDARIN ORIENTAL HOTEL,,,,47
3759,THE ORCHID AT MAUNA LANI,,,,47
3760,HALEKULANI HOTEL/WAIKIKI PARC,,,,47
3761,PRIMADONNA HOTEL AND CASINO,,,,47
3762,WHISKEY PETE’S HOTEL AND CASINO,,,,47
3763,CHATEAU ELAN WINERY AND RESORT,,,,47
3764,BEAU RIVAGE HOTEL AND CASINO,,,,47
3765,BELLAGIO,,,,47
3766,FREMONT HOTEL AND CASINO,,,,47
3767,MAIN STREET STATION HOTEL AND CASINO,,,,47
3768,SILVER STAR HOTEL AND CASINO,,,,47
3769,STRATOSPHERE HOTEL AND CASINO,,,,47
3770,SPRINGHILL SUITES,April 2025 VISA PUBLIC 43,,,47
3771,CAESAR’S HOTEL AND CASINO,,,,48
3772,NEMACOLIN WOODLANDS,,,,48
3773,THE VENETIAN RESORT HOTEL CASINO,,,,48
3774,NEW YORK-NEW YORK HOTEL AND CASINO,,,,48
3775,SANDS RESORT,,,,48
3776,NEVELE GRAND RESORT AND COUNTRY CLUB,,,,48
3777,MANDALAY BAY RESORT,,,,48
3778,FOUR POINTS HOTELS,,,,48
3779,W HOTELS,,,,48
3780,DISNEY RESORTS,,,,48
3781,PATRICIA GRAND RESORT HOTELS,,,,48
3782,ROSEN HOTELS AND RESORTS,,,,48
3783,TOWN AND COUNTRY RESORT & CONVENTION CENTER,,,,48
3784,FIRST HOSPITALITY HOTELS,,,,48
3785,OUTRIGGER HOTELS AND RESORTS,,,,48
3786,OHANA HOTELS OF HAWAII,,,,48
3787,CARIBE ROYALE RESORTS,,,,48
3788,ALA MOANA HOTEL,,,,48
3789,SMUGGLER’S NOTCH RESORT,,,,48
3790,RAFFLES HOTELS,,,,48
3791,STAYBRIDGE SUITES,,,,48
3792,CLARIDGE CASINO HOTEL,,,,48
3793,FLAMINGO HOTELS,,,,48
3794,GRAND CASINO HOTELS,,,,48
3795,PARIS LAS VEGAS HOTEL,,,,48
3796,PEPPERMILL HOTEL CASINO,,,,48
3797,ATLANTIC CITY HILTON RESORTS,,,,48
3798,EMBASSY VACATION RESORT,April 2025 VISA PUBLIC 44,,,48
3799,HALE KOA HOTEL,,,,49
3800,HOMESTEAD SUITES,,,,49
3801,WILDERNESS HOTEL AND RESORT,,,,49
3802,THE PALACE HOTEL,,,,49
3807,ELEMENT,,,,49
3808,LXR,,,,49
3811,PREMIER INN,,,,49
3812,HYATT PLACE,,,,49
3813,HOTEL INDIGO,,,,49
3814,THE ROOSEVELT HOTEL NY,,,,49
3815,NICKELODEON FAMILY SUITES BY HOLIDAY INN,,,,49
3816,HOME2SUITES,,,,49
3818,MAINSTAY SUITES,,,,49
3819,OXFORD SUITES,,,,49
3820,JUMEIRAH ESSEX HOUSE,,,,49
3821,CARIBE ROYALE,,,,49
3822,CROSSLAND,,,,49
3823,GRAND SIERRA RESORT,,,,49
3824,ARIA,,,,49
3825,VDARA,,,,49
3826,AUTOGRAPH,,,,49
3827,GALT HOUSE,,,,49
3828,COSMOPOLITAN OF LAS VEGAS,,,,49
3829,COUNTRY INN BY RADISSON,,,,49
3830,PARK PLAZA HOTEL,,,,49
3831,WALDORF,,,,49
3832,CURIO HOTELS,,,,49
3833,CANOPY,April 2025 VISA PUBLIC 45,,,49
3834,BAYMONT INN & SUITES,,,,50
3835,DOLCE HOTELS AND RESORTS,,,,50
3836,HAWTHORN BY WYNDHAM,,,,50
3837,HOSHINO RESORTS,,,,50
3838,KIMPTON HOTELS,,,,50
3839,KYORITSU HOTELS,,,,50
3840,RIO HOTELS,,,,50
4011,Railroads,"Merchants classified with this MCC are railroads Freight – Railroad and Train 4112 – Passenger Railways engaged in freight transport operations. Transportation 4214 – Motor Freight Carriers and Trucking – Local and Long Distance, Moving and Storage Companies, and Local Delivery Services",,,50
4111,"Local and Suburban Commuter Passenger Transportation, Including Ferries","Merchants classified with this MCC provide local and Commuter Transportation – 4112 – Passenger Railways suburban mass passenger transportation over regular Ferries 4121 – Taxicabs and Limousines routes and on regular schedules. Included in this Commuter Transportation – 4131 – Bus Lines category is railway commuter transportation. Not Railways included in this category are taxicabs, limousines, and 4789 – Transportation Services (Not bus lines. Transportation – Commuter, Elsewhere Classified) Local, Suburban Commuter Passenger Transportation",,,50
4112,Passenger Railways,Merchants classified with this MCC are railroads that Railways – Passenger 4011 – Railroads primarily provide long distance passenger Trains – Passenger 4789 – Transportation Services (Not transportation. This may or may not include overnight Elsewhere Classified) accommodations on the train during long distance travel.,,,50
4119,Ambulance Services,Merchants classified with this MCC provide Air Ambulance Services 8099 – Medical Services and Health emergency vehicle transportation with trained Emergency Vehicle Practitioners (Not Elsewhere personnel. These Merchants may or may not provide Services Classified) emergency medical treatment enroute to a hospital or Ambulance Services – 4789 – Transportation Services (Not medical provider. Transportation Elsewhere Classified),,,50
4121,Taxicabs and Limousines,"Merchants classified with this MCC provide Cabs, Taxicabs, Limousines 4789 – Transportation Services (Not transportation services by automobile and do not April 2025 VISA PUBLIC 46",,,50
4789,– Transportation Services (Not,charter and tour bus operators. Elsewhere Classified),,,51
4214,"Motor Freight Carriers and Trucking – Local and Long Distance, Moving and Storage Companies, and Local Delivery","Services Merchants classified with this MCC provide local or Delivery Services – Local 4215 – Courier Services – Air and long-distance trucking services and may or may not Freight Carriers, Trucking Ground, and Freight Forwarders. also provide storage services. and Storage",,,51
4225,– Public Warehousing and,"Local Delivery Service Storage – Farm Products, Long Distance Trucking Refrigerated Goods, Household Services Goods, and Storage Motor Freight Carriers – Local, Long-Distance Trucking Moving Companies Moving, Storage Companies Storage, Moving Companies – Local, Long Distance",,,51
4215,"Courier Services – Air and Ground, and Freight Forwarders","Merchants classified with this MCC deliver individually Air or Ground Courier 4214 – Motor Freight Carriers and addressed letters, parcels, and packages, but Services Trucking – Local and Long excludes the Postal Services – Government Only Freight Forwarders, Courier Distance, Moving and Storage (MCC 9402). Services Companies, and Local Delivery Services",,,51
9402,– Postal Services – Government,Only,,,51
4225,"Public Warehousing and Storage – Farm Products, Refrigerated Goods, Household Goods, and Storage","Merchants classified with this MCC provide storage Warehousing, Storage – 4214 – Motor Freight Carriers and and warehousing for farm products, refrigerated Public Warehousing Trucking – Local and Long Distance, storage for perishable products, and storage for Moving and Storage Companies, household goods and furniture. and Local Delivery Services",,,51
4411,Steamship and Cruise Lines,"Merchants classified with this MCC provide Ships – Cruise Lines 4111 – Local and Suburban passenger transportation on the open seas or inland Commuter Passenger Transportation, waters for the purpose of vacation or pleasure. These Including Ferries Merchants typically offer food, entertainment, and",,,51
4789,– Transportation Services (Not,cabin accommodations included in the fare and Elsewhere Classified) operate pre-defined and advertised routes. April 2025 VISA PUBLIC 47,,,51
4457,Boat Rentals and Leasing,"Merchants classified with this MCC primarily provide Jet Skis – Rental, Leases 4468 – Marinas, Marine Service, and boat rental and leasing services for fishing boats, non- Powerboats – Rental, Supplies crew houseboats, sail boats, power boats, jet skis, Leases 7999 – Recreation Services (Not and yachts. Rentals – Boats Elsewhere Classified) Sailboats – Rentals, Leases Yacht Rentals – Non-Crew",,,52
4468,"Marinas, Marine Service, and Supplies","Merchants classified with this MCC operate marinas Harbors 4457 – Boat Rentals and Leasing and may rent boat slips and store boats. Other Services – Marine, Marina 7999 – Recreation Services (Not services may include boat cleaning, incidental boat Supplies – Marinas, Marine Elsewhere Classified) repair, and the retail sale of marine supplies. Service, Merchants located at a marina that sell fuel for consumer use in boats that do not have a separate Yacht Harbors Merchant agreement from the marina are included in this category.",,,52
4511,Airlines and Air Carriers (Not Elsewhere Classified),Merchants classified with this MCC are airlines and 3000-3350 – individual airline MCCs air carriers that do not have their own specific MCC.,,,52
4582,"Airports, Flying Fields, and Airport Terminals","Merchants classified with this MCC operate and Flying Fields 4215 – Courier Services – Air and maintain airports and flying fields. This includes Terminals – Airports Ground, and Freight Forwarders Merchants that provide aircraft cleaning and janitorial",,,52
4511,– Airlines and Air Carriers (Not,"services, aircraft servicing and repair, aircraft storage Elsewhere Classified) at airports, and airport hangar rental. Merchants",,,52
5812,– Eating Places and,"located within the airport terminal that sell food, Restaurants newspapers, and/or gift or souvenir items must be classified with the appropriate MCC for that business. 5994 – News Dealers and Newsstands",,,52
5947,"– Gift, Card, Novelty, and",Souvenir Shops,,,52
4722,Travel Agencies and Tour Operators,"Merchants classified with this MCC provide travel Charter Buses 4112 – Passenger Railways information and booking services. They act as agents Package Tour Operators 4121 – Taxicabs and Limousines on behalf of travelers in booking and ticketing air, Tour Buses 4131 – Bus Lines land, or sea transportation and/or accommodation. They also arrange and assemble tours for sale through Travel Packages 4411 -- Steamship and Cruise Lines a travel agent or directly to the consumer. Bus charters Travel Wholesalers 4511 – Airlines and Air Carriers (Not and tour bus operators are included in this MCC. Elsewhere Classified)",,,52
4789,– Transportation Services (Not,Elsewhere Classified),,,52
5962,– Direct Marketing – Travel,Related Arrangement Services April 2025 VISA PUBLIC 48,,,52
7011,"– Lodging – Hotels, Motels,","Resorts, Central Reservation Services (Not Elsewhere Classified)",,,53
7512,– Automobile Rental Agency,,,,53
4723,Package Tour Operators – Germany Only,Merchants classified with this MCC are package tour operators in Germany.,,,53
4784,Tolls and Bridge Fees,"Merchants classified with this MCC collect fees Bridge, Toll Fees associated with toll roads, highways, and bridges. Fees – Bridge, Toll",,,53
4789,Transportation Services (Not Elsewhere Classified),"Merchants classified with this MCC provide Airport Shuttle 4111 – Local and Suburban passenger transportation services that are not Transportation Commuter Passenger Transportation, classified with a more specific MCC. This MCC Miscellaneous Transport Including Ferries includes Merchants that provide transportation via Services 4112 – Passenger Railways horse-drawn cabs and carriages, bicycle-taxis, aerial Shuttle Transportation 4121 – Taxicabs and Limousines tramways, airport shuttles, and cable cars. Ferry service, bus transportation, cruise lines, passenger 4131 – Bus Lines railways, and taxi and limousine service Merchants 4411 – Steamship and Cruise Lines are not included in this category. 4722 – Travel Agencies and Tour Operators",,,53
4812,Telecommunication Equipment and Telephone Sales,"Merchants classified with this MCC sell Cellular Telephone 4814 – Telecommunication Services, telecommunications equipment such as telephones, Equipment including Local and Long Distance fax machines, pagers, mobile phones, and other Telecommunications Calls, Credit Card Calls, Calls equipment related to telecommunications. Equipment Through Use of Magnetic Stripe Reading Telephones, and Fax Pagers, Paging Equipment Services Telephone Equipment",,,53
5732,– Electronics Stores,,,,53
4814,"Telecommunication Services, including Local and Long-Distance Calls, Credit Card Calls, Calls Through Use of Magnetic-","Stripe-Reading Telephones, and Fax Services Merchants classified with this MCC provide Cellular Telephone Service 4812 – Telecommunication telecommunications services including local and long- Faxing Services Equipment and Telephone Sales distance telephone calls, calls placed through the use Local Telecommunication of magnetic stripe-reading telephones, and fax Service services. Merchants that provide periodic (e.g., monthly) billing of telephone calls should be classified Long Distance with this MCC. Telecommunication Service Prepaid Calling Cards – Telecommunication Service April 2025 VISA PUBLIC 49",,,53
4816,Computer Network/Information Services,"Merchants classified with this MCC provide internet Electronic Bulletin Board 7372– Computer Programming, Data access. This MCC includes all Merchants that provide Access Processing, and Integrated Systems computer network and information services and Information Services – via Design Services internet service providers. Computer Networks Internet Payment Facilitators Website Management/Maintenance",,,54
4821,Telegraph Services,"Merchants classified with this MCC that provide Cablegrams 4814 – Telecommunication Services, telegraph and other nonverbal message Cablegrams Services including Local and Long-Distance communications services such as telegrams. Calls, Credit Card Calls, Calls Telegraph Services Through Use of Magnetic Stripe Reading Telephones, and Fax Services",,,54
4829,Money Transfer,Merchants classified with this MCC allow customers Wire Transfer 4821– Telegraph Services to transfer funds via an electronic funds transfer / wire,,,54
6051,– Non-Financial Institutions –,"transfer / remittance to a named entity (both card- Foreign Currency, Liquid and present and card-absent locations including on the Cryptocurrency Assets (for example: premises of the Merchant and third-party agents such Cryptocurrency), Money Orders (Not as casinos, truck stops, or check-cashing storefronts) Money Transfer), Account Funding or via an original credit transaction (e.g., via Visa (not Stored Value Load), Travelers Direct or Person to Person [P2P] payments). Cheques, and Debt Repayment A Merchant that transfers, Liquid and Cryptocurrency Assets such as cryptocurrency must include all required data in the authorization request and clearing record. Bill Payments merchants (who are not eligible and not registered in the CBPS Program) should be assigned with this MCC.",,,54
4899,"Cable, Satellite and Other Pay Television/Radio/Streaming Services",Merchants classified with this MCC provide the Pay Radio Services connection and ongoing delivery of Pay Television Services television/radio/streaming content on a subscription or Cable fee basis. Satellite Services Services – Cable and Other Pay Television Services Services – Pay Radio and Satellite Services,,,54
4900,"Utilities – Electric, Gas, Water, and Sanitary","Merchants classified with this MCC provide the Electric Utilities Services 4814 – Telecommunication Services, ongoing generation, transmission, and/or distribution Garbage Collectors including Local and Long of electric or gas power or other utility services. This Distance Calls, Credit Card Gas Utilities Services MCC also includes Merchants that provide water Calls, Calls Through Use of supply system services and Merchants primarily Public Utilities Magnetic Stripe Reading engaged in the collection and disposal of refuse. Sanitary Utilities Services Telephones, and Fax April 2025 VISA PUBLIC 50",,,54
5013,Motor Vehicle Supplies and New Parts,"Merchants classified with this MCC are business-to- Automobile – Motor Vehicle 5532 – Automotive Tire Stores business or wholesale distributors of motor vehicle Supplies, New Parts 5533 – Automotive Parts and accessories, tools, equipment and new parts, Parts – Motor Vehicle Accessories Stores including electric vehicle charging equipment Supplies, New Parts 7531 – Automotive Body Repair designed for commercial use, testing equipment, Shops service station pumps and other equipment, glass, batteries, and engines. 7538 – Automotive Service Shops (Non-Dealer)",,,55
5021,Office and Commercial Furniture ....,"Merchants classified with this MCC are business-to- Furniture – Office, 5047 – Medical, Dental, Ophthalmic business or wholesale manufacturers and/or Commercial and Hospital Equipment and distributors of office and commercial furniture. Supplies",,,55
5712,"– Furniture, Home Furnishings","and Equipment Stores, Except Appliances",,,55
5039,Construction Materials (Not Elsewhere Classified ),"Merchants classified with this MCC are business-to- Supplies – Construction 1761 – Roofing, Siding, and Sheet business or wholesale distributors of construction Materials Metal Work Contractors materials and parts that are not classified with a more 5072 – Hardware, Equipment and specific MCC. Supplies",,,55
5198,"– Paint, Varnishes and",Supplies,,,55
5200,– Home Supply Warehouse,Stores,,,55
5211,– Lumber and Building,Materials Stores,,,55
5231,"– Glass, Paint, and Wallpaper",Stores,,,55
5251,– Hardware Stores,,,,55
5713,– Floor Covering Stores,,,,55
7692,– Welding Services,,,,55
5044,"Photographic, Photocopy, Microfilm Equipment and Supplies","Merchants classified with this MCC are business-to- Copy Services – 5021 – Office and Commercial business or wholesale distributors of office and Photographic, Photocopy, Furniture photographic equipment such as film, cash registers, Microfilm Supplies 5045 – Computers and Computer photocopy machines, microfilm machines, vaults and Equipment – Photographic, Peripheral Equipment and Software safes, typewriters, fax machines, adding machines, Photocopy, Microfilm 5943 – Stationery Stores, Office and and mailing machines. Equipment, Supplies – School Supply Stores Photographic,",,,55
5946,– Camera and Photographic,"Photocopy, Microfilm Supply Stores Equipment",,,55
7338,"– Quick Copy, Reproduction,",April 2025 VISA PUBLIC 51,,,55
7395,– Photofinishing Laboratories,and Photo Developing,,,56
5045,Computers and Computer Peripheral Equipment and Software,"Merchants classified with this MCC are business-to- Equipment – Computers, 5021 – Office and Commercial business or wholesale distributors of computer Computer Peripheral Furniture hardware, software and related equipment. Equipment, 5732 – Electronics Stores Computer Hardware 5734 – Computer Software Stores Computer Software 7379 – Computer Maintenance, Computer Supplies Repair and Services (Not Elsewhere Classified)",,,56
5046,Commercial Equipment (Not Elsewhere Classified),"Merchants classified with this MCC are business-to- Appliance Wholesaler 5021 – Office and Commercial business or wholesale distributors of commercial Commercial Cooking, Furniture machines and equipment that are not classified with a Food Service Equipment 5712 – Furniture, Home Furnishings more specific MCC. Restaurant Equipment – and Equipment Stores, Supplies – Commercial Except Appliances Equipment 7394 – Equipment, Tool, Furniture, and Appliance Rental and Leasing",,,56
5047,"Medical, Dental, Ophthalmic and Hospital Equipment and Supplies","Merchants classified with this MCC are business-to- Dental Equipment, Supplies 2842 – Specialty Cleaning, Polishing business or wholesale distributors of laboratory, Medical Equipment – and Sanitation Preparations surgical, dental, or orthopedic equipment, patient Ophthalmic, Orthopedic 5021 – Office and Commercial monitoring equipment, wheelchairs, and other medical Hospital Equipment, Furniture instruments, industrial safety devices, hospital Supplies equipment and hospital furniture, such as beds. Orthodontia Supplies Safety Equipment X-Ray Equipment",,,56
5051,Metal Service Centers and Offices,"Merchants classified with this MCC are business-to- 5094 – Precious Stones and Metals, business or wholesale marketers of semi-finished Watches and Jewelry metal products, excluding precious metals. These 5944 – Jewelry Stores, Watches, Merchants may sell metal piping and tubing, wire Clocks and Silverware Stores screening and bale ties, nails, ingots, aluminum bars, rails and accessories, metal or galvanized sheets, strip metal, iron rods, and wire rope or cable.",,,56
5065,Electrical Parts and Equipment,"Merchants classified with this MCC are business-to- Communications 4812 – Telecommunications business or wholesale distributors of electrical parts Equipment Equipment and Telephone Sales and communications equipment, such as electronic Electrical Parts Equipment April 2025 VISA PUBLIC 52",,,56
5072,"Hardware, Equipment and Supplies","Merchants classified with this MCC are business-to- Hardware, Equipment and 5251 – Hardware Stores business or wholesale distributors of general Supplies hardware and cutlery such as bolts, nuts, rivets, Hand Tools Supplies screws, fasteners, hand tools, locks, washers, tacks, staples, nails, hand saws, saw blades, and power hand tools.",,,57
5074,Plumbing and Heating Equipment and Supplies,"Merchants classified with this MCC are business-to- Heating Equipment and 5046 – Commercial Equipment business or wholesale distributors of hydraulic Supplies (Not Elsewhere Classified) plumbing and heating equipment and supplies. This Plumbing Equipment and 5072 – Hardware, Equipment and MCC does not include wholesalers of commercial Supplies Supplies refrigeration equipment or supplies or appliances such Equipment – Water 5251 – Hardware Stores as electric or gas ranges and commercial ovens. Conditioning, Purification,",,,57
5722,– Household Appliance Stores,Softening,,,57
7299,– Miscellaneous Personal,Services (Not Elsewhere Classified),,,57
5085,Industrial Supplies (Not Elsewhere Classified),Merchants classified with this MCC are business-to- Supplies – Industrial 5072 – Hardware Equipment and business or wholesale distributors of industrial Supplies supplies that are not classified with a more specific,,,57
5169,– Chemicals and Allied,"MCC. Products for sale may include abrasives, Products (Not Elsewhere Classified) bearings, boxes, cans, crates, cork, gaskets, grommets, hydraulic valves, hoses, 5251 – Hardware Stores pistons, sprockets, barrels, bottles (glass or plastic), industrial fittings, cordage, twine and rope, metals closures, printers’ ink, lapidary equipment, leather belting, mill supplies, pails, rubber goods, textile printers’ supplies, and steel drums.",,,57
5094,"Precious Stones and Metals, Watches and Jewelry","Merchants classified with this MCC are business-to- Gemstones, Precious 5944 – Jewelry, Watches, Clocks business or wholesale distributors of jewelry, precious Stones, Metals, Watches, and Silverware Stores stones and metals. This MCC also includes Jewelry 7699 – Miscellaneous Repair Shops wholesalers of costume jewelry, watches and watch Jewelry – Fine Watches and Related Services parts, clocks, silverware, diamonds and gemstones, precious metals, pearls, and trophies.",,,57
5099,Durable Goods (Not Elsewhere Classified),"Merchants classified with this MCC are business-to- Fire Extinguishers 5065 – Electrical Parts and business or wholesale distributors of durable goods Firearms, Ammunition Equipment that are not classified with a more specific MCC. Gas Lighting Fixtures 5941 - Sporting Goods Stores Goods – Durable 5999 - Miscellaneous and Specialty Gravestones Retail Shops April 2025 VISA PUBLIC 53",,,57
5111,"Stationery, Office Supplies, Printing and Writing Paper","Merchants classified with this MCC are business-to- Business Supplies – 5021 – Office and Commercial business or wholesale distributors of stationery and Stationery, Office, Printing, Furniture office supplies and printing and writing paper. Writing Supplies 5044 – Photographic, Photocopy, Paper – Writing, Printing, Microfilm Equipment and Supplies Stationery, Office Supplies",,,58
5943,"– Stationery Stores, Office",Printing Supplies and School Supply Stores,,,58
5978,"– Typewriter Stores – Sales,","Rentals, and Service",,,58
5122,"Drugs, Drug Proprietaries, and Druggist Sundries","Merchants classified with this MCC are business-to- Distributors – Drugs, 5047 – Medical, Dental, Ophthalmic business or wholesale distributors of prescription Druggists’ Sundries, and Hospital Equipment and Supplies drugs, proprietary drugs, druggists’ sundries, Pharmaceuticals 5912 – Drug Stores and Pharmacies pharmaceuticals, and biological or related products. Supplies – Drugs, Drug Proprietaries, Druggist Sundries,",,,58
5131,"Piece Goods, Notions, and Other Dry Goods","Merchants classified with this MCC are business-to- Fabric Goods 5719 – Miscellaneous Home business or wholesale distributors of piece goods, dry Hair Accessories Furnishing Specialty Stores goods, and notions/haberdashery. Notions 5949 – Sewing, Needlework, Fabric and Piece Goods Stores Sewing Accessories Supplies – Millinery Textiles, Textile Binding",,,58
5137,"Men’s, Women’s, and Children’s Uniforms and Commercial Clothing","Merchants classified with this MCC are business-to- Children’s Uniforms 5139 – Commercial Footwear business or wholesale distributors of commercial work Commercial Clothing – 5611 – Men’s and Boys’ Clothing and clothing and uniforms. This MCC includes wholesale Men’s, Women’s, Children’s Accessories Stores distributors of graduation caps and gowns, athletic Men’s Uniforms 5621 – Women’s Ready-To-Wear and recreational uniforms, and school uniforms, but Professional Uniforms Stores not shoes. Women’s Uniforms 5631 – Women’s Accessory and Specialty Shops",,,58
5641,– Children’s and Infants’ Wear,Stores,,,58
5651,– Family Clothing Stores,,,,58
5655,– Sports and Riding Apparel,Stores April 2025 VISA PUBLIC 54,,,58
5661,– Shoe Stores,,,,59
5681,– Furriers and Fur Shops,,,,59
5691,– Men’s and Women’s Clothing,Stores,,,59
5697,"– Tailors, Seamstresses,","Mending, and Alterations",,,59
5699,– Miscellaneous Apparel and,Accessory Shops,,,59
5139,Commercial Footwear,"Merchants classified with this MCC are business-to- Footwear – Commercial 5661 – Shoe Stores business or wholesale distributors of commercial Shoes, Shoe Accessories – shoes and boots including athletic footwear. Commercial",,,59
5169,Chemicals and Allied Products (Not Elsewhere Classified),"Merchants classified with this MCC are business-to- Detergents 2842 – Specialty Cleaning, Polishing business or wholesale distributors of chemicals and Supplies – Chemicals, and Sanitation Preparations allied products that are not classified with a more Allied Products 5999 – Miscellaneous and Specialty specific MCC. Products for sale are typically used Retail Stores for industrial purposes. Examples include industrial acids, ammonia and alcohol, heavy, aromatic and other chemicals, chlorine, compressed and liquefied gases, detergents, fuel and oil additives, resins, salts, turpentine, sealants, rust proofing chemicals, coal tar products, dry ice, dyestuffs, glue, gelatin, and explosives",,,59
5172,Petroleum and Petroleum Products,"Merchants classified with this MCC are business-to- Fuel Products, Services 5169 – Chemicals and Allied Products business or wholesale distributors of petroleum and Fueling Services (Not Elsewhere Classified) petroleum products, butane gas, crude oil, fuel oil, 5983 – Fuel Dealers – Fuel Oil, gasoline, kerosene, lubricating oils and greases, Wood, Coal, and Liquefied aircraft fueling services, and naphtha. Petroleum",,,59
5192,"Books, Periodicals and Newspapers","Merchants classified with this MCC are business-to- Journals 2741 – Miscellaneous Publishing and business or wholesale distributors of books, Magazines Printing periodicals, magazines, journals, and newspapers, Newspapers, Newspaper 5942 – Book Stores including newspaper agencies. Agencies 5968 – Direct Marketing – Periodicals Continuity/Subscription Merchant",,,59
5994,– News Dealers and,Newsstands April 2025 VISA PUBLIC 55,,,59
5193,"Florists Supplies, Nursery Stock and Flowers","Merchants classified with this MCC are business-to- Gardening Supplies 5261 – Nurseries and Lawn and business or wholesale distributors of flowers, nursery Nursery Stock Garden Supply Stores stock and florists’ supplies, fresh and artificial flowers, Plants 5992 – Florists and potted plants. Supplies – Florist Supplies, Nursery Stock, Flowers",,,60
5198,"Paints, Varnishes and Supplies","Merchants classified with this MCC are business-to- Varnishes, Paints, Supplies 5231 – Glass, Paint, and Wallpaper business or wholesale distributors of paints, Stores varnishes, wallpaper, and supplies, including colors and pigments, enamels, lacquers, paint brushes, paint pans, sandpaper, drop cloths, shellac, rollers, and sprayers.",,,60
5199,Nondurable Goods (Not Elsewhere Classified),"Merchants classified with this MCC are business-to- Goods – Nondurable 5131 – Piece Goods, Notions, and business or wholesale distributors of nondurable Other Dry Goods goods that are not classified with a more specific 5948 – Luggage and Leather Goods MCC, such as food products, art goods, clothes Stores hangers, foam rubber, ice, crude rubber, sponges, textile bags, burlap, canvas products, leather, and baskets.",,,60
5200,Home Supply Warehouse Stores,"Merchants classified with this MCC sell of a wide Warehouse Stores – Home 5211 – Lumber and Building Materials range of home products such as wallpaper, paint, Supply Stores lumber, garden supplies, electrical equipment and 5231 – Glass, Paint, and Wallpaper supplies and home decorating items, as well as sinks, Stores cabinets and doors.",,,60
5251,– Hardware Stores,,,,60
5713,– Floor Covering Stores,,,,60
5211,Lumber and Building Materials Stores,"Merchants classified with this MCC sell of one or Building Materials 5200 – Home Supply Warehouse more of the following products: lumber, unfinished Construction Materials Stores wood products, lighting materials, concrete, sand, Lumber, Building Materials 5231 – Glass, Paint, and Wallpaper gravel, general building or electrical supplies, bricks, and Supplies – Roofing Stores fencing, pipe, fiberglass, or molding. This MCC Materials 5251 – Hardware Stores includes building centers that offer their products to contractors rather than to the general public and does 5713 – Floor Covering Stores not include home supply store chains that are 5718 – Fireplace, Fireplace Screens frequented by the general public. and Accessories Stores",,,60
5231,"Glass, Paint, and Wallpaper Stores","Merchants classified with this MCC sell glass, paint Paint, Painting Supplies 5039 – Construction Materials (Not and painting supplies, wallpaper and hanging Supplies – Glass Elsewhere Classified) April 2025 VISA PUBLIC 56",,,60
5251,– Hardware Stores,,,,61
5251,Hardware Stores,"Merchants classified with this MCC sell a full range of Electrical Supplies 5200 – Home Supply Warehouse hardware supplies for purchase by the general public. Hand Tools Stores Lighting Fixtures Supplies 5231 – Glass, Paint, and Wallpaper Stores Plumbing Supplies Power Tools 5713 – Floor Covering Stores Supplies – Hardware 5718 – Fireplace, Fireplace Screens Stores and Accessories Stores",,,61
5261,Nurseries and Lawn and Garden Supply Stores,"Merchants classified with this MCC sell nursery stock, Gardening Supplies 0780 – Landscaping and trees, shrubs, other plants, seeds, bulbs, mulches, Greenhouses Horticultural Services soil conditioners, fertilizers, pesticides, garden tools, Lawn, Garden Supply 5992 – Florists and other garden supplies. Stores Plant Shops – Nurseries Supplies",,,61
5262,Marketplaces,"Entities classified with this MCC are online marketplaces that accept Visa and bring together cardholders and retailers selling a range of goods or services that may otherwise qualify for different MCCs, on a single e- commerce website or mobile application, under a single brand used to identify itself to cardholders. Marketplaces with a single line of goods or services must use the MCC that most accurately describes that line of business. These Marketplaces must meet all Visa qualification requirements and be registered with Visa as a Marketplace.",,,61
5271,Mobile Home Dealers,"Merchants classified with this MCC sell new and used Dealers – Mobile Home, 5561 – Camper, Recreational and mobile homes and related parts, accessories, and Parts, Equipment Utility Trailer Dealers equipment. Equipment – Mobile Home 5592 – Motor Home Dealers Parts 5599 – Miscellaneous Automotive, Aircraft, and Farm Equipment Dealers (Not Elsewhere Classified)",,,61
5300,Wholesale Clubs,Merchants classified with this MCC sell a full range of Club Stores – Wholesale 5200 – Home Supply Warehouse goods (often in bulk) and services in warehouse-style Clubs Stores stores. These Merchants may or may not have April 2025 VISA PUBLIC 57,,,61
5399,– Miscellaneous General,Merchandise,,,62
5712,"– Furniture, Home Furnishings","and Equipment Stores, Except Appliances",,,62
5719,– Miscellaneous Home,Furnishing Specialty Stores,,,62
5309,Duty Free Stores,"Merchants classified with this MCC sell a variety of 5921 – Package Stores – Beer, Wine, gift and import items that are typically exempt from and Liquor customs fees, such as liquor, perfume, and jewelry. 5944 – Jewelry Stores",,,62
5999,– Miscellaneous and Specialty,Retail Stores,,,62
5310,Discount Stores,Merchants classified with this MCC sell a general line 5300 – Wholesale Clubs of merchandise and offer it at a discounted rate. 5311 – Department Stores,,,62
5331,– Variety Stores,,,,62
5399,– Miscellaneous General,Merchandise,,,62
5931,– Used Merchandise and,Secondhand Stores,,,62
5311,Department Stores,"Merchants classified with this MCC sell a general line 5300 – Wholesale Clubs of apparel, home furnishings, furniture, electronics, 5331 – Variety Stores cosmetics, housewares, and major household",,,62
5399,– Miscellaneous General,appliances. These stores have departments that Merchandise usually have their own separate check-out counters.,,,62
5931,– Used Merchandise and,Secondhand Stores,,,62
5331,Variety Stores,"Merchants classified with this MCC sell a limited 5310 – Discount Stores selection of various products in a lower price range. 5311 – Department Stores Generally, these Merchants sell the same type of",,,62
5399,– Miscellaneous General,"merchandise and operate in the same manner as a Merchandise discount store, but on a much smaller scale.",,,62
5931,– Used Merchandise and,Secondhand Stores,,,62
5947,"– Gift, Card, Novelty and",Souvenir Shops April 2025 VISA PUBLIC 58,,,62
5399,Miscellaneous General Merchandise,"Merchants classified with this MCC sell a general line General Merchandise – 5300 – Wholesale Clubs of merchandise. Generally, these Merchants sell the Miscellaneous 5310 – Discount Stores same type of merchandise and operate in the same",,,63
5311,– Department Stores,"manner as a department store, but on a much smaller",,,63
5331,– Variety Stores,scale.,,,63
5931,– Used Merchandise and,Secondhand Stores,,,63
5411,Grocery Stores and Supermarkets,"Merchants classified with this MCC sell a complete, Food Stores 5422 – Freezer and Locker Meat full line of food merchandise for home consumption. Grocery Provisioners Most of the food merchandise is perishable, and Stores Supermarkets 5451 – Dairy Products Stores perishables* must represent at least 45% of",,,63
5499,– Miscellaneous Food Stores –,"Merchant’s total monthly sales volume, measured in Convenience Stores and Specialty local currency. In addition, they also sell canned, Markets frozen, prepackaged, and dry foods, a limited selection of housewares, cleaning and polishing products, personal hygiene products, cosmetics, greeting cards, books, magazines, household items, and dry goods. These Merchants may also operate specialized departments such as an in-store deli counter, meat counter, pharmacy, or floral department. * Perishable goods include the following: • Bakery – in store (service) • Bread and baked goods – fresh • Dairy – butter, margarine, cottage cheese, sour cream, toppings, dough products, eggs, juices/drinks (refrigerated), milk, pudding, desserts, snacks, spreads, dips, and yogurt • Deli – in store (service) • Deli – refrigerated (self service) • Frozen foods – baked goods, breakfast foods, desserts, fruits, toppings, frozen novelties, ice, ice cream, juices, drinks, meal starters, pizza, snacks, hors d’oeuvres, prepared foods, unprepared meat, poultry, seafood, vegetables • Meat, fish, poultry – fresh • Packaged meat – deli • Fresh produce • Floral",,,63
5422,Freezer and Locker Meat Provisioners,"Merchants classified with this MCC sell fresh, frozen, Butcher Shops 5411 – Grocery Stores and or cured meats, fish, shellfish, and other seafoods. Fish, Seafood Markets Supermarkets This MCC also includes bulk retail sellers of meat for Frozen Meats 5499 – Miscellaneous Food Stores – freezer storage and home freezer plans. Convenience Stores and Specialty Meat Markets Markets Meat Lockers April 2025 VISA PUBLIC 59",,,63
5441,"Candy, Nut, and Confectionery Stores","Merchants classified with this MCC are retail sellers of Chocolate Shops 5451 – Dairy Product Stores candy, chocolate, nuts, dried fruits, Confectionery Shops 5462 – Bakeries popcorn and other confections. Dried Fruit Shops 5499 – Miscellaneous Food Stores – Nut Shops Convenience Stores and Specialty Markets Popcorn Stands",,,64
5451,Dairy Products Stores,"Merchants classified with this MCC sell packaged Cheese Shops 5499 – Miscellaneous Food Stores – butter, cheese, ice cream, milk, and other dairy Convenience Stores and Specialty products. Markets",,,64
5814,– Fast Food Restaurants,,,,64
5462,Bakeries,Merchants classified with this MCC sell (and may Bagel Shops 5499 – Miscellaneous Food Stores – make) bakery goods. Cake Shops Convenience Stores and Specialty Markets Cookie Stores Doughnut Shops Pastry Shops Pie Shops Wedding Cakes,,,64
5499,Miscellaneous Food Stores – Convenience Stores and Specialty Markets,Merchants classified with this MCC sell specialty Convenience Stores 5411 – Grocery Stores and foods not classified with a more specific MCC. Delicatessens Supermarkets Food Stores – Convenience 5422 – Freezer and Locker Meat Provisioners Fruit Markets,,,64
5441,"– Candy, Nut, and",Gourmet Food Stores Confectionery Stores Health Food Stores,,,64
5451,– Dairy Products Stores,Mini Markets,,,64
5462,– Bakeries,Poultry Shops,,,64
5541,– Service Stations (with or,Produce Markets without Ancillary Services Specialty Food Markets,,,64
5814,– Fast Food Restaurants,Vegetable Markets Vitamin Stores Meal Preparation Kits,,,64
5511,"Car and Truck Dealers (New and Used) Sales, Service, Repairs, Parts, and Leasing","Merchants classified with this MCC sell and/or lease Automobile/Truck Dealers 5521 – Car and Truck Dealers (Used new and used automobiles, trucks, pickups, and vans (New/Used) -Sales, Only) Sales, Service, Repairs, Parts, and may also conduct repair work and sell Service, Repairs, Parts, and Leasing replacement parts and accessories. Leasing 5532 – Automotive Tire Stores Car Dealers (New/Used) 5533 – Automotive Parts and April 2025 VISA PUBLIC 60",,,64
5571,– Motorcycle Shops and Dealers,,,,65
5592,– Motor Home Dealers,,,,65
5598,– Snowmobile Dealers,,,,65
5599,"– Miscellaneous Automotive,","Aircraft, and Farm Equipment Dealers (Not Elsewhere Classified)",,,65
7538,– Automotive Service Shops,(Non-Dealer),,,65
5521,"Car and Truck Dealers (Used Only) Sales, Service, Repairs, Parts, and Leasing","Merchants classified with this MCC sell and/or lease Antique Automobiles 5511 – Car and Truck Dealers only used automobiles, trucks, pickups and vans and Dealers (New/Used) Sales, Service, Repairs, may also conduct repair work and sell replacement Automobiles/Trucks (Used Parts, and Leasing parts and accessories. Only) Dealers 5532 – Automotive Tire Stores Car Dealers (Used Only) 5533 – Automotive Parts and Accessories Stores",,,65
5561,"– Camper, Recreational and",Utility Trailer Dealers,,,65
5571,– Motorcycle Shops and Dealers,,,,65
5592,– Motor Home Dealers,,,,65
5598,– Snowmobile Dealers,,,,65
5599,"– Miscellaneous Automotive,","Aircraft, and Farm Equipment Dealers (Not Elsewhere Classified)",,,65
7538,– Automotive Service Shops,(Non-Dealer),,,65
5532,Automotive Tire Stores,Merchants classified with this MCC sell automotive Car Tires – New Only 5533 – Automotive Parts and and truck tires and related parts and may also Repairs – Automotive Tire Accessories Stores conduct tire installation and repair services. Stores 7534 – Tire Retreading and Repair Services – Shops Automotive Tire Stores 7538 – Automotive Service Shops Tire Stores (Non-Dealer),,,65
5533,Automotive Parts and Accessories Stores,"Merchants classified with this MCC sell automobile Automotive Parts and 5532 – Automotive Tires Stores parts, equipment, and accessories, including electric Accessories 5732 – Electronics Stores vehicle charging equipment designed for personal Automobile – Parts, use. Accessories Stores Car Parts, Accessories Stores Motor Vehicle Supplies, Parts Supplies – Automotive Parts April 2025 VISA PUBLIC 61",,,65
5541,Service Stations (With or without Ancillary Services),"Merchants classified with this MCC are retail sellers of Filling Stations – 5542 – Automated Fuel Dispensers engine fuel These Merchants may or may not also Automotive Gasoline 7538 – Automotive Service Shops have a convenience store, car wash, or automotive Gas Stations (With or (Non-Dealer) repair shop on the premises, but must sell fuel for Without Ancillary Services) consumer use. Excluded from this category code are Gasoline – Service Stations Automated Fuel Dispensers, MCC 5542 Marina Service Stations Petrol – Service Stations Truck Stops – Gasoline Service",,,66
5542,Automated Fuel Dispensers,Merchants classified with this MCC are retail sellers of Cardholder-Activated Fuel 5541 – Service Stations (With or engine fuel through the use of an Automated Fuel Dispensers Without Ancillary Services) Dispenser (AFD). Fuel Dispensers – 7538 – Automotive Service Shops Automated (Non-Dealer) Gas Pumps (Automated Fuel Dispensers) Fuel – Self-Service Terminals Petrol Dispensers – Automated Petrol – Self- Service Terminals Self-Service Terminals – Fuel Self-Service Terminals – Petrol,,,66
5551,Boat Dealers,"Merchants classified with this MCC sell new and used Dealers – Boat 4468 – Marinas, Marine Service, and motorboats, sailboats, and other watercraft, marine Motorboat Dealers Supplies supplies, and outboard motors. Outboard Motor Dealers Powerboat Dealers Sailboat Dealers",,,66
5552,Electric Vehicle Charging,Merchants classified with this MCC sell electricity for 5541 – Service Stations (With or the purpose of fueling an automobile Without Ancillary Services,,,66
5542,– Automated Fuel Dispensers,,,,66
7523,"– Parking Lots, Parking Meters",and Garages April 2025 VISA PUBLIC 62,,,66
5561,"Camper, Recreational and Utility Trailer Dealers","Merchants classified with this MCC sell new and used Accessories – Recreational 5571 – Motorcycle Shops and Dealers campers, recreational and utility trailers, and related Vehicles 5592 – Motor Home Dealers parts and accessories. Camper Dealers 5598 – Snowmobile Dealers Dealers – Recreational, 5599 – Miscellaneous Automotive, Utility Trailers, Camper Aircraft, and Farm Equipment Dealers Dealers (Not Elsewhere Classified) Parts, Recreational Vehicles RV, Camper Dealers Recreational Vehicle Dealers, Parts, Accessories Trailers – Utility Utility Trailers",,,67
5571,Motorcycle Shops and Dealers,"Merchants classified with this MCC sell new and used Dealers – Motorcycle, 5599 – Miscellaneous Automotive, motorcycles, motor scooters, mopeds and related Moped, Motor Scooters Aircraft, and Farm Equipment Dealers parts, equipment, clothing, and accessories. Moped Dealers (Not Elsewhere Classified) Motorcycle Parts, Accessories and Supplies Motor Scooter Dealers, Parts, Accessories",,,67
5592,Motor Homes Dealers,"Merchants classified with this MCC sell new and used Dealers – Motor Homes 5271 – Mobile Home Dealers motor homes and related parts and 5561 – Camper, Recreational and accessories. Utility Trailer Dealers",,,67
5599,"– Miscellaneous Automotive,","Aircraft, and Farm Equipment Dealers (Not Elsewhere Classified)",,,67
5598,Snowmobile Dealers,"Merchants classified with this MCC sell new and used Dealers – Snowmobiles 5561 – Camper, Recreational and snowmobiles and related parts and accessories. Utility Trailer Dealers",,,67
5599,"– Miscellaneous Automotive,","Aircraft, and Farm Equipment Dealers (Not Elsewhere Classified)",,,67
5599,"Miscellaneous Automotive, Aircraft, and Farm Equipment Dealers (Not Elsewhere Classified)","Merchants classified with this MCC sell new and used Airplane, Aircraft Dealers 5511 – Car and Truck Dealers (New aircraft and/or automotive, farm, and recreational All-Terrain Vehicle Dealers and Used) Sales, Service, Repairs, vehicles, parts, equipment and supplies not classified Parts, and Leasing Automotive Dealers – with a more specific MCC. Miscellaneous 5521 – Car and Truck Dealers (Used Dealers – Golf Carts Only) Sales, Service, Repairs, Parts, and Leasing Plane Dealers",,,67
5551,– Boat Dealers,April 2025 VISA PUBLIC 63,,,67
5561,"– Camper, Recreational and",Utility Trailer Dealers,,,68
5571,– Motorcycle Shops and Dealers,,,,68
5592,– Motor Home Dealers,,,,68
5598,– Snowmobile Dealers,,,,68
5611,Men’s and Boys’ Clothing and Accessories Stores,"Merchants classified with this MCC sell men’s and Accessories – Men’s, Boys’ 5651 – Family Clothing Stores boys’ ready-to-wear clothing and accessories. Clothing 5691 – Men’s and Women’s Clothing Apparel – Men’s, Boys’ Stores Clothing Boys’ Clothing, Accessories Accessory Stores Hat Shops Men’s Necktie Stores Tie Shops",,,68
5621,Women’s Ready-To-Wear Stores,Merchants classified with this MCC sell a general line Apparel – Women’s Ready- 5631 – Women’s Accessory and of women’s ready-to-wear and special-event clothing. To-Wear Stores Specialty Shops Bridal Shops 5651 – Family Clothing Stores Clothing – Women’s 5655 – Sports and Riding Apparel Ready-To-Wear Stores Stores Coat Stores – Women’s 5681 – Furriers and Fur Shops Dress Shops,,,68
5691,– Men’s and Women’s Clothing,Maternity Stores Stores Outerwear Stores – 5699 – Miscellaneous Apparel and Women’s Accessory Shops,,,68
5631,Women’s Accessory and Specialty Shops,"Merchants classified with this MCC sell women’s Accessories – Women’s 5621 – Women’s Ready-To-Wear clothing accessories, including handbags, hats, Accessory, Specialty Shops Stores costume jewelry, scarves, belts, hair accessories, Apparel – Women’s 5699 – Miscellaneous Apparel and lingerie, and hosiery. Accessory, Specialty Shops Accessory Shops Clothing – Women’s Accessory, Specialty Shops Costume Jewelry Shops Handbag Stores Hat Shops – Women’s Lingerie Stores",,,68
5641,Children’s and Infants’ Wear Stores,"Merchants classified with this MCC sell children’s and Apparel – Children’s, 5651 – Family Clothing Stores infants’ clothing and accessories. Infants’ Wear 5699 – Miscellaneous Apparel and Baby and Infants Clothing Accessory Shops Children’s, Infants’ Wear Stores April 2025 VISA PUBLIC 64",,,68
5651,Family Clothing Stores,"Merchants classified with this MCC sell general lines Apparel – Family Clothing 5611 – Men’s and Boys’ Clothing and of men’s, women’s, and children’s clothing and Stores Accessory Stores accessories without specializing in sales for a Clothing – Family Clothing 5621 – Women’s Ready-To-Wear particular gender or age group. Stores Stores Jeans, Denim Clothing 5631 – Women’s Accessory and Stores Specialty Shops",,,69
5641,– Children’s and Infants’ Wear,Stores,,,69
5655,– Sports and Riding Apparel,Stores,,,69
5661,– Shoe Stores,,,,69
5681,– Furriers and Fur Shops,,,,69
5691,– Men’s and Women’s Clothing,Stores,,,69
5699,– Miscellaneous Apparel and,Accessory Shops,,,69
5655,Sports and Riding Apparel Stores,"Merchants classified with this MCC sell athletic, Active Wear – Sports 5661 – Shoe Stores sports, and riding apparel and active wear. Apparel 5699 – Miscellaneous Apparel and Apparel – Sports, Riding Accessory Shops Apparel Stores 5941 – Sporting Goods Stores Athletic Apparel Stores Clothing – Equestrian Apparel",,,69
5661,Shoe Stores,"Merchants classified with this MCC sell men’s, Athletic Shoe Stores women’s, and/or children’s footwear (including athletic Boot Shops footwear) and accessories. Footwear Stores Western Boot Shops",,,69
5681,Furriers and Fur Shops,"Merchants classified with this MCC sell a variety of Apparel – Furriers, Fur 5621 – Women’s Ready-To-Wear items made of animal fur, including coats, jackets, Shops Shops hats, and gloves. Clothing – Furriers, Fur 5631 – Women’s Accessory and Shops Specialty Shops Coat Stores – Furriers 5691 – Men’s and Women’s Clothing Stores",,,69
5699,– Miscellaneous Apparel and,Accessory Shops April 2025 VISA PUBLIC 65,,,69
5691,Men’s and Women’s Clothing Stores,Merchants classified with this MCC sell men’s and Apparel – Men’s Clothing 5611 – Men’s and Boys’ Clothing and women’s clothing and accessories but not infants’ and Stores Accessories Stores children’s clothing. Clothing – Women’s 5621 – Women’s Ready-To-Wear Clothing Stores Stores,,,70
5631,– Women’s Accessory and,Specialty Shops,,,70
5641,– Children’s and Infants’ Wear,Stores,,,70
5651,– Family Clothing Stores,,,,70
5699,– Miscellaneous Apparel and,Accessory Shops,,,70
5697,"Tailors, Seamstresses, Mending, and Alterations","Merchants classified with this MCC create and sell Alterations 5949 – Sewing, Needlework, Fabric custom-made clothing and perform alterations, Apparel – Tailors, and Piece Goods Stores mending, and garment repair or restoration. Seamstresses, Mending, Alterations Clothing – Tailors, Seamstresses, Mending, Alterations Custom Made Clothing Dressmakers Hand Made Clothing Made-To-Order Clothing Mending, Alterations Repairs – Tailors, Seamstresses, Mending, Alterations Seamstresses Services – Tailors, Seamstresses, Mending, Alterations Sewing Shops – Alterations",,,70
5698,Wig and Toupee Stores,"Merchants classified with this MCC sell permanently Hair Pieces, Extensions 5999 – Miscellaneous and Specialty attached or temporary toupees, wigs, hair pieces, and Hair Replacement – Non- Retail Stores hair extensions or provide hair weaving services. Surgical 7230 – Beauty and Barber Shops Toupee Stores 8099 – Medical Services and Health Practitioners (Not Elsewhere Classified)",,,70
5699,Miscellaneous Apparel and Accessory Shops,"Merchants classified with this MCC sell specialized Clothing – Formal Wear 5611 – Men’s and Boys’ Clothing and lines of apparel (excluding fur) and accessories that Clothing – Miscellaneous Accessories Stores are not classified with a more specific MCC. Apparel, Accessory Shops 5621 – Women’s Ready-to-Wear Swim Wear Shop T-Shirt Stores April 2025 VISA PUBLIC 66",,,70
5641,– Children’s and Infants’,Wear Stores,,,71
5651,– Family Clothing Stores,,,,71
5661,– Shoe Stores,,,,71
5681,– Furriers and Fur Shops,,,,71
5691,– Men’s and Women’s,Clothing Stores,,,71
5697,"– Tailors, Seamstresses,","Mending, and Alterations",,,71
5712,"Furniture, Home Furnishings, and Equipment Stores, Except Appliances","Merchants classified with this MCC sell home Bedding, Mattress Stores 5713 – Floor Covering Stores furnishings and a wide variety of finished furniture Custom Made Furniture 5714 – Drapery, Window Covering, products and accessories for the home. Equipment Stores and Upholstery Stores Home Furnishings, 5719 – Miscellaneous Home Furniture Furnishing Specialty Stores Made-to-Order Furniture 5722 – Household Appliance Stores Mattress Stores 5732 – Electronics Stores Outdoor Furnishings 7641 – Furniture – Reupholstery, Repair, and Refinishing Patio, Porch Furnishings Stores",,,71
5713,Floor Covering Stores,"Merchants classified with this MCC are retail sellers of Carpet, Rug Stores 5712 – Furniture, Home Furnishings floor coverings such as carpet, area rugs, floor tile, Linoleum Stores and Equipment Stores, Except linoleum, stone, wood, and brick, and may or may not Appliances Rug Stores also perform installation services. 5719 – Miscellaneous Home Tile Stores Furnishing Specialty Stores",,,71
1799,– Special Trade Contractors,(Not Elsewhere Classified),,,71
5714,"Drapery, Window Covering, and Upholstery Stores","Merchants classified with this MCC sell draperies, Curtain Stores 5712 – Furniture, Home Furnishings curtains, venetian blinds, window shades, and Upholstery Materials Stores and Equipment Stores, Except upholstery materials. Appliances Window-covering Stores",,,71
5719,– Miscellaneous Home,Furnishing Specialty Stores,,,71
7641,"– Furniture – Reupholstery,","Repair, and Refinishing",,,71
5718,"Fireplace, Fireplace Screens and Accessories Stores","Merchants classified with this MCC sell pre-made Hearth, Accessories Stores 1740 – Masonry, Stonework, Tile fireplaces, wood stoves, and fireplace parts and Heating – Fireplace, Setting, Plastering and Insulation accessories. Accessories Stores Contractors Stoves – Fireplaces 5251 – Hardware Stores April 2025 VISA PUBLIC 67",,,71
5719,Miscellaneous Home Furnishing Specialty Stores,"Merchants classified with this MCC sell miscellaneous Accessories – Home 5712 – Furniture, Home Furnishings home furnishings such as housewares, cutlery, Furnishings and Equipment Stores, Except bedding and linen, lamps and shades, mirrors and Bed, Bath Shops Appliances pictures, pottery, and ceramic items. Cookware Stores 5713 – Floor Covering Stores Cutlery – Kitchen 5714 – Drapery, Window Covering, and Upholstery Stores Home Furnishing Specialty Stores – 5718 – Fireplace, Fireplace Screens Miscellaneous and Accessories Stores Housewares Stores 5722 – Household Appliance Stores Kitchenware Stores 5932 – Antique Shops – Sales, Repairs, and Restoration Services Lamp, Lighting Shops",,,72
5950,– Glassware/Crystal Stores,Linen Shops Pottery Stores,,,72
5722,Household Appliance Stores,"Merchants classified with this MCC sell household Sewing Machine Stores 5712 – Furniture, Home Furnishings appliances such as gas or electric ranges and stoves, Vacuum Cleaner Stores and Equipment Stores, Except ovens, refrigerators, dishwashers, water heaters, Appliances washers and dryers, garbage disposals, sewing 5719 – Miscellaneous Home machines, self-contained air conditioning units, and Furnishing Specialty Stores vacuum cleaners, and may or may not also conduct",,,72
7623,– Air Conditioning and,repair work. Refrigeration Repair Shops,,,72
7629,– Electrical and Small Appliance,Repair Shops,,,72
7699,– Miscellaneous Repair Shops,and Related Services,,,72
5723,Guns and Ammunition Shops,Merchants classified with this MCC sell guns and/or This MCC should only be 5941 – Sporting Goods Stores ammunition. Merchants whose primary business used in those jurisdictions,,,72
5999,– Miscellaneous and Specialty,involves the sale of guns and/or ammunition will use where it is legally required this MCC. Retail Shops,,,72
5732,Electronics Stores,"Merchants classified with this MCC sell a wide variety Camcorders (And Other 5722 – Household Appliance Stores of electronic goods such as televisions, radios, Electronics) 5946 – Camera and Photographic cameras, computers, tablets, and stereo components Computer Hardware Supply Stores and may also sell electronic parts and or accessories (And Other Electronics) 7622 – Electronics Repair Shops for the repair, construction or assembly of electronic Electronic Parts 7629 – Electrical and Small Appliance equipment and/or also conduct repair work. Electronic Repair Shops Repair Shops High Fidelity Equipment 7699 – Miscellaneous Repair Shops Personal Computers and Related Services April 2025 VISA PUBLIC 68",,,72
5733,"Music Stores – Musical Instruments, Pianos, and Sheet Music","Merchants classified with this MCC sell musical Guitar Stores 5732 – Electronics Stores instruments, sheet music, keyboards, instruction Musical Instruments 5735 – Record Stores books, pianos, guitars and related supplies and Pianos 8299 – Schools and Educational equipment and may also offer music instruction. Services (Not Elsewhere Classified)",,,73
5734,Computer Software Stores,"Merchants classified with this MCC sell computer 5732 – Electronics Stores software programs for business and personal use and 7372 – Computer Programming, Data may also sell or lease computer hardware or other Processing, and Integrated Systems related products. Merchants that sell applications for Design Services mobile devices should use MCC 5817.",,,73
7379,"– Computer Maintenance,",Repair and Services (Not Elsewhere Classified),,,73
5735,Record Stores,"Merchants classified with this MCC sell records, CD, Cassette, Record 7841 – DVD/Video Tape Rental compact discs (CDs), and cassettes, and may also Stores Stores rent video tapes. Compact Disc 5815 – Digital Goods Media – Books, Music Stores – Prerecorded Movies, Music Records, CDs, Cassettes Used Record/CD Stores",,,73
5811,Caterers,"Merchants classified with this MCC contract with Food Preparation – 5812 – Eating Places and consumers to prepare and deliver (typically to a Catering Restaurants specified location) food and drinks for immediate consumption and may also provide clean-up services, tables, serving equipment, decorations, and personnel for on-site serving and cleanup.",,,73
5812,Eating Places and Restaurants,"Merchants classified with this MCC prepare food and Cafes, Restaurants 5462 – Bakeries drinks for immediate consumption, typically on the Cafeterias 5499 – Miscellaneous Food Stores – Merchant’s premises. These Merchants typically Diners – Eating Convenience Stores and Specialty provide table service and may include alcoholic Establishments Markets beverages on the menu. This MCC includes food Soda Fountains 5813 – Drinking Places (Alcoholic delivery for Merchants qualifying for this MCC. Beverages) – Bars, Taverns, April 2025 VISA PUBLIC 69",,,73
5814,– Fast Food Restaurants,,,,74
5813,"Drinking Places (Alcoholic Beverages) – Bars, Taverns, Nightclubs, Cocktail Lounges, and Discotheques","Merchants classified with this MCC sell alcoholic Drinking Establishments 5812 – Eating Places and beverages such as wine, beer, mixed drinks, and Beer Parlors Restaurants other liquors and beverages for consumption on the Breweries, Bars premises. Comedy Clubs Lounges Micro-breweries Pubs Saloons Tap Rooms Wine Bars",,,74
5814,Fast Food Restaurants,"Merchants classified with this MCC sell prepared food Quick Service Restaurants 5812 – Eating Places and and beverages for consumption either on the Vending Machines – Food Restaurants premises or packaged for carry-out. Orders are Sandwich Shops 5499 – Miscellaneous Food Stores – typically made and paid for at a counter, kiosk or Convenience Stores and Specialty Ice Cream Shops drive-through window. This MCC includes food Markets delivery for Merchants qualifying for this MCC. Coffee Shops Yogurt Shops Pretzel Stands",,,74
5815,"Digital Goods Media – Books, Movies, Digital artwork/images, Music","Merchants classified with this MCC sell books, 5192 – Books, Periodicals, movies, digital artwork/images or music that is Newspapers delivered in electronic format. 7832 – Movie Theaters, Motion Merchants offering online streaming of digital media Picture Theaters content on a subscription basis should use MCC 4899 5735 – Record Stores",,,74
5818,– Digital Goods – Large Digital,Goods Merchant,,,74
4899,"– Cable, Satellite and Other",Pay Television/Radio/Streaming Services,,,74
5816,Digital Goods – Games,Merchants classified with this MCC sell games Fantasy Sports (in 7993 – Video Amusement Game (including games of skill but excluding games of jurisdictions where they Supplies chance) that are delivered in electronic format. not considered gambling) 7994 – Video Game Arcades/Establishments,,,74
7995,"– Betting, including Lottery","Tickets, Casino Gaming Chips, Off- Track Betting, and Wagers at Race Tracks and games of chance to win April 2025 VISA PUBLIC 70",,,74
7800,– Gambling – Government-,Owned Lotteries,,,75
7801,– Gambling – Government-,Licensed On-Line Casinos,,,75
7802,– Gambling – Government-,Licensed Horse/Dog Racing,,,75
5817,Digital Goods – Applications (Excludes Games),Merchants classified with this MCC sell applications 5734 – Software – Computer: or software (excludes games) that are delivered in Computer Software Stores electronic format. 5045 – Software – Computer: Computers and Computer Peripheral Equipment and Software,,,75
5816,– Digital Goods – Games,,,,75
5818,Digital Goods – Large Digital Goods Merchant,"All regions (excluding Europe): Merchants classified with this MCC are large-volume Merchants that sell digital goods (goods delivered via electronic format) with a minimum threshold of 25 million transactions annually. Europe region only: Merchants classified with this MCC are digital goods Merchants that are categorized as PCI DSS Level 1, as they process over 6 million Visa transactions annually.",,,75
5912,Drug Stores and Pharmacies,"Merchants classified with this MCC sell prescription Medicine – Prescription, 5499 – Miscellaneous Food Stores – and proprietary drugs Pharmacies Convenience Stores and Specialty Markets Pharmacies",,,75
5122,"– Drugs, Drug Proprietaries,",Prescription Medication and Druggist Sundries,,,75
5921,"Package Stores – Beer, Wine, and Liquor","Merchants classified with this MCC sell packaged Alcohol – Liquor Stores 5499 – Miscellaneous Food Stores – alcoholic beverages such as beer, wine, and liquor for Convenience Stores and Specialty consumption off the premises and may also sell a Markets limited variety of food and snack items, newspapers 5813 – Drinking Places (Alcoholic and magazines, and a limited selection of toiletries Beverages) – Bars, Taverns, and over-the-counter medicines. Nightclubs, Cocktail Lounges, and Discotheques April 2025 VISA PUBLIC 71",,,75
5931,Used Merchandise and Secondhand Stores,"Merchants classified with this MCC sell used Consignment Shops 5932 – Antique Shops – Sales, merchandise or secondhand goods such as Secondhand Stores Repairs, and Restoration Services accessories, shoes and clothing, furniture, books, Thrift Stores 5933 – Pawn Shops bicycles, musical instruments, sewing machines, Vintage Clothing electronic equipment, appliances, and other household items. Typically, the items for sale have been donated or are on consignment.",,,76
5932,"Antique Shops – Sales, Repairs, and Restoration Services","Merchants classified with this MCC sell antiques such Services – Antique 5521 – Car and Truck Dealers (Used as furniture, jewelry, cameras and photographic Restoration Only) Sales, Service, Repairs, Parts, equipment, tools, artwork, books, appliances and and Leasing other household items. This MCC does not include 7641 – Furniture – Reupholstery, retail sellers of antique automobiles. Repair, and Refinishing",,,76
5933,Pawn Shops,"Merchants classified with this MCC lend money in 5931 – Used Merchandise and exchange for personal property left with the Secondhand Stores Merchants as security. 5932 – Antique Shops – Sales, Repairs, and Restoration Services",,,76
5935,Wrecking and Salvage Yards,Merchants classified with this MCC provide wrecking Junk Yards 7549 – Towing Services and salvaging services.,,,76
5937,Antique Reproductions,"Merchants classified with this MCC sell antique 5932 – Antique Shops – Sales, reproductions or facsimiles of clothing, furniture, rugs, Repairs, and Restoration Services paintings and artwork, mirrors, glassware, jewelry, and other household and personal items and may also provide antique photograph reproduction and restoration services.",,,76
5940,Bicycle Shops – Sales and Service,"Merchants classified with this MCC sell bicycles, Mountain Bikes 5941 – Sporting Goods Stores bicycle parts, and accessories (including a limited Service – Bicycles 7699 – Miscellaneous Repair Shops variety of related sporting apparel) and may also and Related Services conduct repair work.",,,76
7999,– Recreation Services (Not,Elsewhere Classified) April 2025 VISA PUBLIC 72,,,76
5941,Sporting Goods Stores,"Merchants classified with this MCC sell sporting Backpacking Equipment 5099 Durable Goods (Not Elsewhere goods, sports equipment, camping supplies, and Bait, Tackle Stores Classified) related parts and accessories, and may also rent or Billiard Tables – Sales 5999 Miscellaneous and Specialty repair equipment. Camping Equipment Retail Shops Cutlery – Sporting Knives 5551 – Boat Dealers Exercise Equipment 5561 – Camper, Recreational and Fishing – Equipment, Bait, Utility Trailer Dealers Tackle 5571 – Motorcycle Shops and Dealers Golf Equipment 5598 – Snowmobile Dealers5940 – Hiking Equipment Bicycle Shops – Sales and Service Hunting Equipment, 7699 – Miscellaneous Repair Shops Supplies including Firearms and Related Services and Ammunition3",,,77
7999,– Recreation Services (Not,"In-Line Skates Shops Elsewhere Classified) Pool Tables – Sales Rollerblade Shops Scuba, Skin Diving Equipment Skateboard Shops Ski Shops Surfboards, Accessories Trekking Equipment Windsurf Boards, Accessories",,,77
5942,Book Stores,"Merchants classified with this MCC sell new and/or Paperbacks – Book Stores 5943 – Stationery Stores, Office and used books, journals, magazines, textbooks, maps Textbooks School Supply Stores and atlases, audio books, and calendars.",,,77
5943,"Stationery Stores, Office and School Supply Stores","Merchants classified with this MCC are retail sellers of Office Supply Stores 5732 – Electronics Stores paper goods used in offices and schools, office and School Supply Store 5734 – Computer Software Stores school supplies and small office equipment and",,,77
5978,"– Typewriter Stores – Sales,","furniture. Rentals, and Service",,,77
7394,"– Equipment, Tool, Furniture,","and Appliance Rental and Leasing 3 Effective May 1, 2025, Acquirers must assign ISO's MCC 5723 to all retailers in California, Colorado and New York that meet the definition of a ""firearms merchant"" under applicable law. Under the Visa Rules, each Member is responsible for complying with all applicable laws, including any laws regarding the assignment of MCCs. In the event of any conflict between the Visa Rules and this Manual and any applicable laws or regulations, the requirements of the laws and regulations govern. For any questions, please contact your Visa Client Services representative. April 2025 VISA PUBLIC 73",,,77
5944,"Jewelry Stores, Watches, Clocks, and Silverware Stores","Merchants classified with this MCC sell fine jewelry, Clock Shop 5631 – Women’s Accessory and watches, clocks, and sterling silver and silver-plated Diamond Stores Specialty Shops flatware and accessories, and may also repair fine Gems, Precious Metals, 5719 – Miscellaneous Home jewelry. Jewelry Furnishing Specialty Stores Jewelry – Fine 5932 – Antique Shops – Sales, Silversmiths Repairs, and Restoration Services Silverware Stores 5933 – Pawn Shops Watch Shops 5947 – Gift, Card, Novelty and Souvenir Shops",,,78
5950,– Glassware/Crystal Stores,,,,78
5972,– Stamp and Coin Stores,,,,78
7699,– Miscellaneous Repair Shops,and Related Services,,,78
5945,"Hobby, Toy, and Game Shops","Merchants classified with this MCC sell toys and Games Stores 5970 – Artist’s Supply and Craft games and may also sell a limited selection of do-it- Hobby Shops Shops yourself craft or hobby kits. Toy Stores Toy, Game Shops",,,78
5946,Camera and Photographic Supply Stores,"Merchants classified with this MCC sell cameras, film, Camcorders, 5732 – Electronics Stores video equipment, printers, and other photographic Photographic Equipment, 7395 – Photofinishing Laboratories equipment and supplies, and may provide Supply Stores and Photo Developing photo/video processing services. Photography Supply Stores Video Cameras, Photographic Equipment",,,78
5947,"Gift, Card, Novelty and Souvenir Shops","Merchants classified with this MCC sell gifts and Memorabilia, Souvenir 5943 – Stationery Stores, Office and novelty items, greeting cards, balloons, souvenirs, Shops School Supply Stores holiday decorations, stationery, wrapping paper and Novelty Shops bows, photo albums, and a limited selection of office supplies.",,,78
5948,Luggage and Leather Goods Stores,"Merchants classified with this MCC are retail sellers of 5999 – Miscellaneous and Specialty luggage, trunks, briefcases, leather backpacks, Retail Stores wallets, purses, gloves, and other leather goods, and may also sell a limited selection of leather apparel. April 2025 VISA PUBLIC 74",,,78
5949,"Sewing, Needlework, Fabric and Piece Goods Stores","Merchants classified with this MCC are retail sellers of Fabric Stores 5970 – Artist’s Supply and Craft fabric, patterns, yarn and other needlework/sewing Knitting Shops Shops supplies, and may offer sewing classes or instruction. Needlework Shops 8299 – Schools and Educational Services (Not Elsewhere Classified) Supplies – Sewing, Fabric, Notions, Needlework, Piece Goods Yarn Shops",,,79
5950,Glassware/Crystal Stores,"Merchants classified with this MCC sell glassware, China, Crystal Stores 5719 – Miscellaneous Home china and crystal tableware, and glass, china or Crystal Stores Furnishing Specialty Stores crystal gift items. Cut Glass",,,79
5960,Direct Marketing – Insurance Services,"Merchants classified with this MCC sell insurance via Automobile Insurance – 6300 – Insurance Sales, Underwriting, direct mail, billing statement stuffers, and magazine or Sales (Direct Marketing) and Premiums television ads, all of which include either a toll-free Insurance Services – Direct telephone number or an address to which prospective Marketing customers may respond. Services – Insurance, Direct Marketing",,,79
5962,Direct Marketing – Travel-Related Arrangement Services,"Merchants classified with this MCC sell travel-related Services – Direct Marketing 4722 – Travel Agencies and Tour services (including discount travel clubs or Travel- Related Operators newsletters) via outbound telemarketing calls, Arrangement 4789 – Transportation Services (Not mailings, magazine or television ads, or other direct Services Elsewhere Classified) marketing methods that include either a toll-free Telemarketing Travel- telephone number or an address to which prospective Related Arrangement customers may respond. Services (Excluding Travel Agencies) Travel Clubs (Direct Marketing) Travel-Related Arrangement Services- Direct Marketing",,,79
5963,Door-To-Door Sales,Merchants classified with this MCC sell a variety of products by means of house-to-house visits. April 2025 VISA PUBLIC 75,,,79
5964,Direct Marketing – Catalog Merchant,,,,80
5965,– Direct Marketing –,Merchants classified with this MCC sell a variety of Combination Catalog and Retail goods via catalogs and offer no means by which Merchant customers may purchase products in a face-to-face manner.,,,80
5965,Direct Marketing – Combination Catalog and Retail Merchant,Merchants classified with this MCC sell a variety of 5964 – Direct Marketing – Catalog goods via catalog and one or more retail outlets. MCC Merchant,,,80
5965,"is used for goods sold via catalog, while the",MCC relevant to what is sold in the retail outlets is used for goods sold in the retail outlets.,,,80
5966,Direct Marketing – Outbound Telemarketing Merchant,"Merchants classified with this MCC sell a variety of products using outbound telemarketing methods, where the Merchant initiates contact with prospective buyers via telephone or mailing (other than a catalog) that instructs the cardholder to contact the Merchant. This MCC excludes charitable organizations that conduct outbound telemarketing.",,,80
5967,Adult Content and Services,"Adult Content and services Merchants classified with this MCC sell adult content including, but not limited to, and services that customers access via telephone or website subscriptions, video fax or over the internet. streaming and audio-text Digital Adult Content Merchants",,,80
5968,Direct Marketing – Continuity/Subscription Merchant,"Merchants classified with this MCC sell subscription Magazine Subscription 4900 – Utilities – Electric, Gas, Water, products for delivery (such as book clubs, (Direct Mail Only) Sanitary collectibles, magazines/newspapers cosmetics, Direct Mail Merchants 5621 – Women’s Ready-to-Wear food, clothing, “nutraceuticals”) via “direct” mail, Stores email. apps, or salespeople. Merchants not",,,80
5499,– Miscellaneous Food Stores –,April 2025 VISA PUBLIC 76,,,80
5969,– Direct Marketing – Other,"business instead. For example, Merchants providing Direct Marketers (Not Elsewhere the ongoing delivery of television/radio/streaming Classified) content on a subscription basis must use MCC 4899",,,81
5977,– Cosmetic Stores,,,,81
6300,– Insurance Sales Underwriting,"Qualified Merchants that “directly” sell subscriptions and Premiums for digital goods or content may use MCC 5815, 5816, 5817, or 5818. 7997 – Membership Clubs (Sports, Recreation, Athletic), Country Clubs, and Private Golf Courses",,,81
5969,Direct Marketing – Other Direct Marketers (Not Elsewhere Classified),"Merchants classified with this MCC sell products or Classified Ads – 7922 – Theatrical Producers (Except services through a variety of direct response methods Newspaper (Via Direct Motion Pictures) and Ticket Agencies that include an order form or an address and/or Marketing) telephone number the customer may use to place an Ticket Agencies – Direct order by mail, telephone, or fax and that are not Marketing classified with a more specific MCC.",,,81
5970,Artist’s Supply and Craft Shops,"Merchants classified with this MCC sell art and craft Supplies – Art, Crafts 5945 – Hobby, Toy, and Game Shops materials, equipment and supplies used to create 5949 – Sewing, Needlework, Fabric other items. and Piece Goods Stores",,,81
5971,Art Dealers and Galleries,"Merchants classified with this MCC sell artwork such 5970 – Artist’s Supply and Craft as paintings, photographs, or sculpture. Shops",,,81
7333,"– Commercial Photography, Art,",and Graphics,,,81
5972,Stamp and Coin Stores,"Merchants classified with this MCC sell postage Numismatic Supplies 7399 – Business Services (Not stamps and coins, and related accessories for the Philatelic Supplies Elsewhere Classified) purpose of stamp collecting, coin collecting or Stamp Collecting 9402 – Postal Services – Government investment. Only",,,81
5973,Religious Goods Stores,"Merchants classified with this MCC sell religious 5942 – Book Stores goods such as figurines, cards, devotion supplies, pictures, books, and decorative items. April 2025 VISA PUBLIC 77",,,81
5975,"Hearing Aids – Sales, Service, and Supply","Merchants classified with this MCC sell hearing aids Repairs – Hearing Aids, 7699 – Miscellaneous Repair Shops and related supplies and may also conduct repair Sales, Service, Supply, and Related Services work. Stores Service – Hearing Aids, Supplies",,,82
5976,Orthopedic Goods – Prosthetic Devices,"Merchants classified with this MCC sell a variety of Orthotics, Prosthetic 7699 – Miscellaneous Repair Shops prosthetic devices and orthopedic goods and Devices and Related Services accessories and may also conduct repair work.",,,82
5977,Cosmetic Stores,Merchants classified with Make-Up Stores 5999 – Miscellaneous and Specialty this MCC sell cosmetics. Retail Stores,,,82
7230,– Beauty and Barber Shops,,,,82
5978,"Typewriter Stores – Sales, Rentals, and Service","Merchants classified with this MCC sell, rent, or lease 5943 – Stationery Stores, Office and typewriters, may also sell a limited selection of office School Supply Stores supplies and equipment, and may also conduct repair 5999 – Miscellaneous and Specialty work. Retail Stores",,,82
7699,– Miscellaneous Repair Shops,and Related Services,,,82
5983,"Fuel Dealers – Fuel Oil, Wood, Coal, and Liquefied Petroleum","Merchants classified with this MCC sell fuel oil, wood, Aviation Fuel 5541 – Service Stations (With or coal, liquefied petroleum, aviation fuel, heating oil or Coal Dealers Without Ancillary Services) gas propane for consumer use, and may also sell fuel Dealers – Fuel Dealers, 5542 – Automated Fuel Dispensers for consumer use in automobiles. Fuel Oil, Wood, Coal, Liquefied Petroleum Home Heating Fuel Dealers Liquefied Petroleum Dealers Oil Dealers Propane Dealers Wood Dealers April 2025 VISA PUBLIC 78",,,82
5992,Florists,"Merchants classified with this MCC sell cut flowers, Balloon Bouquets 5261 – Nurseries and Lawn and flower arrangements, and potted plants, and may also Flower Shops Garden Supply Stores sell novelty items. Plant Store",,,83
5993,Cigar Stores and Stands,"Merchants classified with this MCC sell tobacco, Pipe Shops 5999 – Miscellaneous and Specialty cigarettes, electronic cigarettes, cigars, pipes, and Smoke Shops Retail Stores smokers’ supplies. Tobacco Shops",,,83
5994,News Dealers and Newsstands,"Merchants classified with this MCC sell newspapers, Dealers – Newspapers 5942 – Book Stores magazines, journals, and other periodicals. Magazines (Newsstands) 5999 – Miscellaneous and Specialty Newspapers Retail Stores Periodicals (Newsstands)",,,83
5995,"Pet Shops, Pet Foods and Supplies Stores","Merchants classified with this MCC sell domestic Animals 5999 – Miscellaneous and Specialty pets, pet food, and pet supplies. Retail Stores",,,83
5996,Swimming Pools – Sales and Service,"Merchants classified with this MCC sell home Hot Tubs, Spas – Sales, 1799 – Special Trade Contractors swimming pools, spas, hot tubs, whirlpool baths, and Service, Supplies (Not Elsewhere Classified) supplies, and may also provide installation and/or Services – Hot Tubs, Spas, 7699 – Miscellaneous Repair Shops repair services. Sales, Service, Supplies and Related Services Services – Swimming Pools, Sales, Service, Supplies Supplies – Hot Tubs, Spas Supplies – Swimming Pools",,,83
5997,Electric Razor Stores – Sales and Service,Merchants classified with this MCC sell electric razors 5999 – Miscellaneous and Specialty and may also provide repair services. Retail Stores,,,83
7699,– Miscellaneous Repair Shops,and Related Services,,,83
5998,Tent and Awning Shops,"Merchants classified with this MCC sell tents and Awnings – Residential, 5941 – Sporting Goods Stores awnings for home or business use and may also Commercial 5999 – Miscellaneous and Specialty provide repair services. Retail Stores",,,83
7699,– Miscellaneous Repair Shops,and Related Services April 2025 VISA PUBLIC 79,,,83
5999,Miscellaneous and Specialty Retail Shops,"Merchants classified with this MCC sell unique or Atlas, Map Stores 4468 – Marinas, Marine Service, specialized products that are not classified with a Beauty Supply Stores and Supplies more specific MCC. Bottled and Distilled Water 5099 - Durable Goods (Not Elsewhere Dealers Classified) Collectibles, Memorabilia 5499 – Miscellaneous Food Stores Stores- 5719 – Miscellaneous Home Sports and Hobby Furnishing Specialty Stores Dealers – Ice 5732 – Electronics Stores Firearms, Ammunition 5940 – Bicycle Shops – Sales and Stores4 Service Fireworks Stores 5941 – Sporting Goods Stores Frame Shops – 5948 – Luggage and Leather Photograph, Poster Goods Stores Gravestones, Monuments – 5993 – Cigar Stores and Stands Sales, Installation",,,84
5995,"– Pet Shops, Pet Foods and","Headstones, Monuments Supplies Stores Ice Dealers 5998 – Tent and Awning Shops Magic Shops 7230 – Beauty and Barber Shops Map, Atlas Stores 7395 – Photofinishing Laboratories Monuments, and Photo Developing Party Supply Stores 7699 – Miscellaneous Repair Shops Picture Frames, Framing and Related Services Shops 7841 – DVD/Video Tape Rental Specialty Retail Stores – Stores Miscellaneous 7999 – Recreation Services Sunglasses Stores (Not Elsewhere Classified) Tombstones – Sales, Installation Trophy Sales",,,84
6010,Financial Institutions – Manual Cash Disbursements,"This MCC must be used for face-to-face cash Banks – Financial 6011 – Financial Institutions – disbursements. Institutions – Manual Automated Cash Disbursements Cash Disbursements 6012 – Financial Institutions – Cash – Banks, Credit Merchandise, Services, and Debt Unions, Financial Repayment Institutions 6051 – Non-Financial Institutions – Credit Unions – Financial Foreign Currency, Liquid and Institutions – Manual Cash Cryptocurrency Assets (for example: Disbursements Cryptocurrency), Money Orders (Not Deposits – Financial Money Transfer), Account Funding Institutions (not Stored Value Load), Travelers Cheques, and Debt Repayment Manual Cash Disbursements 4 Effective May 1, 2025, Acquirers must assign ISO's MCC 5723 to all retailers in California, Colorado and New York that meet the definition of a ""firearms merchant"" under applicable law. Under the Visa Rules, each Member is responsible for complying with all applicable laws, including any laws regarding the assignment of MCCs. In the event of any conflict between the Visa Rules and this Manual and any applicable laws or regulations, the requirements of the laws and regulations govern. For any questions, please contact your Visa Client Services representative. April 2025 VISA PUBLIC 80",,,84
6011,Financial Institutions – Automated Cash Disbursements,"This MCC must be used only for cash disbursements ATM Cash Disbursements 6010 – Financial Institutions – Manual at automated teller machines (ATMs) owned, leased, Cash - ATM Cash Disbursements controlled, or sponsored by banks, savings and loans, 6051 – Non-Financial Institutions – thrifts, and credit unions. Foreign Currency, Liquid and Cryptocurrency Assets (for example: Cryptocurrency), Money Orders (Not Money Transfer), Account Funding (not Stored Value Load), Travelers Cheques, and Debt Repayment",,,85
6012,"Financial Institutions – Merchandise, Services, and Debt Repayment","This MCC must be used by Financial Institutions for Account Funding – 6010 – Financial Institutions – Manual the purchase of merchandise or services or the Financial Institution Cash Disbursements repayment of loans & debts. “Financial Institution” Banks – Financial 6011 – Financial Institutions – includes banks, savings and loans, thrifts, and credit Institutions – Automated Cash Disbursements unions. For example: the purchase of checks, other Merchandise, Services 6211 – Security Brokers/Dealers financial products, or promotional merchandise, Credit Unions – Financial deposits, the funding of an account, the purchase or Institutions – reload of a stored value card, the purchase of foreign Merchandise, Services currency, Liquid and Cryptocurrency Assets (for Deposits – Financial example: cryptocurrency), money orders (a Institutions negotiable paper-based remittance – not a Money Transfer), travelers cheques, and loan fees or Merchandise, Services – financial counseling service fees. This MCC must also Financial Institutions be used for the repayment of a debt, loan, or credit Mortgage Companies – card balance by a cardholder to the financial Financial Institutions institution. Purchase of Foreign currency Liquid and A Financial Institution that sells Liquid and Cryptocurrency Assets Cryptocurrency Assets such as cryptocurrency must (for example, include all required data in the authorization request cryptocurrency), money orders (Not Money and clearing record. Transfer) and Travelers Cheques – Financial Institution Loan Payments – Financial Institution Savings and Loans – Financial Institutions – Merchandise, Services Services – Banks, Credit Unions, Financial Institutions (Non-Cash) Stored Value Card April 2025 VISA PUBLIC 81",,,85
6051,"Non-Financial Institutions – Foreign Currency, Liquid and Cryptocurrency Assets (for example: Cryptocurrency), Money","Orders (Not Money Transfer), Account Funding (not Stored Value Load), Travelers Cheques, and Debt Repayment This MCC must be used for the funding of an account Account Funding – 6010 – Financial Institutions – Manual (excluding prepaid card loads), the purchase of (Non-Financial Institutions) Cash Disbursements foreign currency, Liquid and Cryptocurrency Assets Currency –Liquid and 6012 – Financial Institutions – (for example: cryptocurrency), money orders, or Cryptocurrency Assets Merchandise, Services, and Debt travelers cheques that occurs at non-Financial Cryptocurrency) Repayment Institutions such as currency exchanges or money Currency – Foreign (Non- order (a negotiable paper-based remittance – not a Financial Institutions) Money Transfer) Merchants. Exchange – Foreign Currency (Non-Financial This MCC must also be used for the repayment of a Institutions) loan or debt if the entity that holds the debt is not a Foreign Currency (Non- financial institution. Financial Institutions) Lease Payments A Merchant that sells Liquid and Cryptocurrency Loan Payments Assets such as cryptocurrency must include all Money – Foreign Currency required data in the authorization request and clearing (Non-Financial Institutions) record. All other transactions at the same Merchant location must use the appropriate MCC for those Money Orders – Not Money transactions. Transfer (Non-Financial Institutions) Mortgage Companies – (Non-Financial Institutions) Services – Money Order, Traveler’s Cheques, Foreign Exchange (Non- Financial Institutions) Traveler’s Cheques (Financial Institutions) Traveler’s Cheques (Non-Financial Institutions)",,,86
6211,Security Brokers/Dealers,"Merchants classified with this MCC are licensed, in all Bond Dealers 6010 – Financial Institutions – Manual jurisdictions they sell into to buy, sell and broker Brokers – Securities, Cash Disbursements securities, stocks, bonds, commodities, and mutual Mutual Funds, Stocks, 6012 – Financial Institutions – funds. Commodities, Bonds Merchandise, Services, and Debt Commodity Dealers Repayment Dealers – Securities, Mutual Funds, Stocks, Commodities, Bonds Foreign Currency Purchase Licensed Foreign Exchange Trading Binary Options Investment Firms – Dealers, Brokers Mutual Funds Brokers Stockbrokers April 2025 VISA PUBLIC 82",,,86
6300,"Insurance Sales, Underwriting, and Premiums","Merchants classified with this MCC sell personal or Automobile Insurance – 5960 – Direct Marketing – Insurance business insurance policies such as automobile, life, Sales (Non-Direct Services health, hospital, medical, and dental insurance, Marketing) homeowners’ and renters’ insurance, real estate title Health Insurance – Sales insurance, pet health insurance and flood, fire, or Homeowners Insurance – earthquake insurance. Sales Life Insurance – Sales Medical Insurance – Sales Product Warranties",,,87
6513,Real Estate Agents and Managers,"This MCC must be used for the payment of Apartment Rentals 6012 – Financial Institutions – management fees, rental commissions, rental Commercial Property Merchandise, Services, and Debt payments, and other payments at real estate agents, Rentals Repayment brokers, and managers engaged in the rental and Homeowner/Condo 7012 – Timeshares management of residential and commercial Association Fees/Dues 7011 – Lodging – Hotels, Motels, properties. This MCC should also be used for Housing Rentals Resorts, Central Reservation payments of deposits for real estate purchases. Systems (Not Elsewhere Classified) Property Rentals Short term rentals (of less than one month) must be 8999 – Professional Services (Not Real Estate Agents included in MCC 7011 Lodging – Hotels, Motels, Elsewhere Classified) Brokers, Managers – Resorts, Central Reservation Services (Not Rentals Elsewhere Classified) or, if appropriate, the Rental Services – Merchant’s MCC. Residential and This MCC does not include mortgage loan payments Commercial Properties and real estate purchases. These transactions must Residential Rentals be identified with a more appropriate MCC such as Service – Residential and MCC 6012 Financial Institutions – Merchandise and Commercial Properties Services; MCC 1520 General Contractors; MCC 8111 Rentals Legal Services and Attorneys.",,,87
6540,Non-Financial Institutions – Stored Value Card Purchase/Load,"This MCC must be used by Merchants whose primary Account Funding – (Non- 6012 – Financial Institutions business is the sale of and/or any subsequent reloads Financial Institutions) Merchandise, Services, and Debt of stored value cards/accounts (including Visa Stored Value Card/Load Repayment Prepaid Cards) occurring at non-financial institutions. (Non-Financial Institutions) This MCC is not applicable for use with Staged Digital Stored Value Wallet/Load Wallet Operators (SDWO). (Non-Financial Institutions)",,,87
7011,"Lodging – Hotels, Motels, Resorts, Central Reservation Services (Not Elsewhere Classified)","Merchants classified with this MCC are lodging Bed & Breakfast 6513 – Real Estate Agents and establishments or central reservation services that do Establishments Managers not have their own specific MCC. Central Reservation MCC 7011 may include, bed and breakfast Services establishments, resorts, cabins, cottages, hostels, Hotels (Not Listed in short-term property rentals less than 30 days in April 2025 VISA PUBLIC 83",,,87
7012,Timeshares,"Merchants classified with this MCC sell, lease, and 7011 – Lodging – Hotels, Motels, rent timeshares and arrange timeshare condominium Resorts, Central Reservation exchanges. Services (Not Elsewhere Classified)",,,88
7032,Sporting and Recreational Camps,"Merchants classified with this MCC operate children’s Boys’ Camps 7033 – Trailer Parks and camps, recreational camps, and sporting camps. Sporting, Recreational Campgrounds Camps 7999 – Recreation Services (Not Children’s Camps Elsewhere Classified) Girls’ Camps Nudist Camps Dude Ranches",,,88
7033,Trailer Parks and Campgrounds,"Merchants classified with this MCC provide overnight 7032 – Sporting and Recreational or short-term camp sites for recreational vehicles, Camps trailers, campers, or tents. 7999 – Recreation Services (Not Elsewhere Classified)",,,88
7210,"Laundry, Cleaning, and Garment Services","Merchants classified with this MCC operate steam or Diaper Services 7211 – Laundries – Family and other types of laundries or laundry services. Garment Services Commercial Services – Laundry, 7216 – Dry Cleaners Cleaning, Garment Services",,,88
7211,Laundries – Family and Commercial,"Merchants classified with this MCC provide coin- Laundromats 7210 – Laundry, Cleaning, and operated or similar self-service washers and dryers Garment Services for general consumer use and may also offer laundry 7216 – Dry Cleaners services. April 2025 VISA PUBLIC 84",,,88
7216,Dry Cleaners,"Merchants classified with this MCC perform dry Services – Dry Cleaning 7210 – Laundry, Cleaning, and cleaning services for individuals or businesses and Garment Services may offer limited alteration services. 7211 – Laundries – Family and Commercial",,,89
7217,Carpet and Upholstery Cleaning,"Merchants classified with this MCC clean carpets, Drapery Cleaning 7641 – Furniture – Reupholstery, drapes, and upholstery. Repair, and Refinishing",,,89
7221,Photographic Studios,Merchants classified with this MCC perform still or Photographers – Wedding 7395 – Photofinishing Laboratories video portrait photography for the general public. Portrait Studios and Photo Developing Wedding Photographers,,,89
7230,Beauty and Barber Shops,"Merchants classified with this MCC provide personal Beauty Salons 7298 – Health and Beauty Spas hair care services such as hair cutting, styling, and Nail Salons 7299 – Miscellaneous Personal coloring, and may also perform manicures and Hair Cutting Services (Not Elsewhere Classified) pedicures and sell a limited selection of hair care Hair Styling Salon products. Hairdressers Make-up Studios Manicurists",,,89
7251,"Shoe Repair Shops, Shoeshine Parlors, and Hat Cleaning Shops","Merchants classified with this MCC repair footwear Hat Cleaning Shops 7299 – Miscellaneous Personal and provide shoe and hat cleaning and maintenance Shoeshine Shops, Stands Services (Not Elsewhere Classified) services. Shoe Repair 7699 – Miscellaneous Repair Shops Shops and Related Services",,,89
7261,Funeral Services and Crematories,"Merchants classified with this MCC are mortuaries, Mortuaries 7299 – Miscellaneous Personal crematories, and funeral homes that provide burial Morticians Services (Not Elsewhere Classified) preparation services, conduct funerals, and provide Undertakers cremation services.",,,89
7273,Dating Services,"Merchants classified with this MCC provide dating Escort Services 7299 – Miscellaneous Personal and escort services, including online services. Services – Dating, Escort Services (Not Elsewhere Classified) Online Dating Services",,,89
7276,Tax Preparation Services,April 2025 VISA PUBLIC 85,,,89
7277,"Counseling Services – Debt, Marriage, and Personal","Merchants classified with this MCC provide a variety Alcohol, Drug Abuse 7322 - Collection Agencies of personal counseling services, such as debt and Counseling 8111 – Legal Services and Attorneys financial counseling, marriage counseling, family Credit Counseling 8999 – Professional Services (Not counseling, and alcohol and drug abuse counseling. Debt Counseling Elsewhere Classified) Family Counseling Financial Counseling Service Marriage Counseling Personal Counseling",,,90
7278,Buying and Shopping Services and Clubs,"Merchants classified with this MCC act as an Personal Shopper Services 7299 – Miscellaneous Personal intermediary to facilitate buying and shopping for – Buying/Shopping Services (Not Elsewhere Classified) individuals or businesses on a fee basis. Services, Clubs 7399 – Business Services Shopping Services (Not Elsewhere Classified)",,,90
7296,"Clothing Rental – Costumes, Uniforms, Formal Wear","Merchants classified with this MCC rent costumes, Apparel – Clothing Rental – 5137– Men’s, Women’s, and uniforms, formal wear, and other types of apparel and Costumes, Formal Wear, Children’s Uniforms and Commercial related accessories. Uniforms Clothing Costume Rental 7299 – Miscellaneous Personal Formal Wear Rental Services (Not Elsewhere Classified) Rentals – Clothing – Costumes, Formal Wear, Uniforms Rentals – Costume Rentals – Tuxedo, Formal Wear",,,90
7297,Massage Parlors,Merchants classified with this MCC specialize in 7298 – Health and Beauty Spas providing therapeutic massage services and may also 7299 – Miscellaneous Personal provide other personal services such as spa Services (Not Elsewhere Classified) treatments and rent saunas or hot tubs for customer use.,,,90
7298,Health and Beauty Spas,"Merchants classified with this MCC provide a variety Tanning Salons 7011 – Lodging – Hotel, Motels, of personal or therapeutic services such as facials, Resorts, Central Reservation massages, mud baths, herbal wraps, tanning Services (Not Elsewhere Classified) April 2025 VISA PUBLIC 86",,,90
7299,– Miscellaneous Personal,Services (Not Elsewhere Classified),,,91
7299,Miscellaneous Personal Services (Not Elsewhere Classified),"Merchants classified with this MCC provide personal Animal Boarding Services – 7230 – Beauty and Barber Shops services that are not classified with a more specific Stables, Kennels etc 7251 – Shoe Repair Shops, Shoe MCC. Animal Breeders Shine Parlors, and Hat Cleaning Animal Grooming Services Shops Animal Training 7261 – Funeral Services and Crematories Apartment Rental Services",,,91
7273,– Dating Services,"Body Piercing, Tattoo Parlors 7276 – Tax Preparation Services Breeders – Animals 7277 – Counseling Services – Debt, Marriage, and Personal Dog Training Services – Stand-Alone 7278 – Buying and Shopping Services Tipping/Gratuities and Clubs Other Services – 7296 – Clothing Rental – Costumes, Miscellaneous Uniforms, Formal Wear/ Services – Water Filtration, 7297 – Massage Parlors Purification, 7298 – Health and Beauty Spas Softening Treatments Taxidermists Wedding Chapels / Planning",,,91
7311,Advertising Services,"Merchants classified with this MCC prepare Ad Agencies 8999 – Professional Services (Not advertising (writing copy, artwork, graphics, and other Agencies – Advertising Elsewhere Classified) creative work) and place such advertising and/or Classified Ads – samples in periodicals, newspapers, radio and Newspaper television, on the internet, in the sky, or other advertising media for clients on a contract or fee basis.",,,91
7321,Consumer Credit Reporting Agencies,"Merchants classified with this MCC provide consumer 7322 - Collection Agencies credit reporting services such as credit investigation, 7399 – Business Services (Not credit clearinghouses, and other related services. Elsewhere Classified) For Merchants primarily engaged in collecting debts in default owed to others or that were originally owed to others, use MCC 7322",,,91
7322,Collection Agencies,"Merchants classified with the MCC collect payments 6012 – Financial Institutions – of overdue receivables under contract or collect Merchandise, Services, and Debt overdue receivables that they have purchased from a Repayment third party. 6051 – Non-Financial Institutions – April 2025 VISA PUBLIC 87",,,91
7321,– Consumer Credit Reporting,Agencies,,,92
7333,"Commercial Photography, Art, and Graphics","Merchants classified with this MCC provide Commercial Artists 7221 – Photography Studios commercial art or graphic design services for Film Production 8999 – Professional Services (Not advertising agencies, publishers, and other Graphics – Commercial Elsewhere Classified) businesses. Silk Screening",,,92
7338,"Quick Copy, Reproduction, and Blueprinting Services","Merchants classified with this MCC reproduce and Photocopying Services 7395 – Photofinishing Laboratories bind text, drawings, plans, maps, or other copy, by Reproduction Services and Photo Developing blueprinting, photocopying, or other methods of Services – Quick Copy, 5943 – Stationery Stores, Office and duplication. School Supply Stores",,,92
7339,Stenographic and Secretarial Support,"Merchants classified with this MCC provide a range of Word Processing Services 7361 – Employment Agencies and stenographic and secretarial services such as word Temporary Help Services processing, typing, editing, letter writing, proofreading, 7399 – Business Services (Not resume writing, and court reporting services. Elsewhere Classified)",,,92
7342,Exterminating and Disinfecting Services,"Merchants classified with this MCC provide pest Exterminators 7349 – Cleaning, Maintenance, and control, extermination, fumigation, and disinfection Pest Control Janitorial Services services.",,,92
7349,"Cleaning, Maintenance, and Janitorial Services",Merchants classified with this MCC provide cleaning House Cleaning Services 7342 – Exterminating and Disinfecting and maintenance services. Housekeeping Services Services Maintenance Services,,,92
7361,Employment Agencies and Temporary Help Services,Merchants classified with this MCC provide Temporary Employment 7399 – Business Services (Not employment services for those seeking employees or Agencies Elsewhere Classified) employment. April 2025 VISA PUBLIC 88,,,92
7372,"Computer Programming, Data Processing, and Integrated Systems Design Services","Merchants classified with this MCC provide computer Computer Software Design 5734 – Computer Software Stores programming services, systems design, website Computer Systems Design 7379 – Computer Maintenance, design, data entry, and data processing services. Repair and Services (Not Elsewhere Classified)",,,93
7399,– Business Services (Not,Elsewhere Classified),,,93
8999,– Professional Services (Not,Elsewhere Classified),,,93
7375,Information Retrieval Services,"Merchants classified with this MCC are business-to- 7321 – Consumer Credit Reporting business or wholesale provisioners of online or Agencies21 database information retrieval services. 7392 – Management, Consulting, and Public Relations Services",,,93
7399,– Business Services (Not,Elsewhere Classified),,,93
7379,"Computer Maintenance, Repair and Services (Not Elsewhere Classified)","Merchants classified with this MCC provide computer- 5045 – Computers and Computer related services such as computer consulting, Peripheral Equipment and Software database development, computer maintenance and 5732 – Electronics Stores repair, conversion services, and computer",,,93
5734,– Computer Software Stores,requirements analysis.,,,93
7372,"– Computer Programming,","Data Processing, and Integrated Systems Design Services",,,93
7629,– Electrical and Small Appliance,Repair Shops,,,93
7392,"Management, Consulting, and Public Relations Services","Merchants classified with this MCC perform a variety Consultants – Public 7399 – Business Services (Not of activities for private, nonprofit, and public Relations Elsewhere Classified) organizations, such as strategic and organizational Consulting, Management 8999 – Professional Services (Not planning, financial planning and budgeting, Services Elsewhere Classified) developing marketing objectives, information systems Management Consultants planning, development of human resource policies, Marketing Consultants and public relations services. Public Relations Services",,,93
7393,"Detective Agencies, Protective Services, and Security Services, including Armored Cars, and Guard Dogs","Merchants classified with this MCC provide security Alarm Systems, Services 7399 – Business Services (Not devices/systems and services such as security guard, Armored Cars Elsewhere Classified) protective, and armored car services and investigative Burglar Alarm Companies – 8111 – Legal Services and Attorneys services. Home/Business Security 8999 – Professional Services (Not Fire Alarm Companies – Elsewhere Classified) Home/Business Security Home Security Systems April 2025 VISA PUBLIC 89",,,93
7394,"Equipment, Tool, Furniture, and Appliance Rental and Leasing","Merchants classified with this MCC rent and lease Appliance Rental 4457 – Boat Rentals and Leasing equipment, tools, furniture, appliances, and office Furniture Rental 5978 – Typewriter Stores – Sales equipment, excluding typewriters. Leasing Services - Rentals, and Service Equipment 7296 – Clothing Rental – Costumes, Rentals – Equipment Uniforms, Formal Wear Rentals – Tools 7513 – Truck and Utility Trailer Rentals Services – Equipment Rental, Leasing 7519 – Motor Home and Recreational Vehicle Rentals",,,94
7841,– DVD/Video Tape Rental,Stores,,,94
7395,Photofinishing Laboratories and Photo Developing,"Merchants classified with this MCC develop film, Film Developing 5044 – Photographic, Photocopy, make photographic prints and enlargements, and Microfilm Equipment and Supplies provide custom services, and may also sell a limited 5946 – Camera and Photographic selection of photographic supplies and accessories. Supply Stores",,,94
7221,– Photographic Studios,,,,94
7333,"– Commercial Photography, Art,",and Graphics,,,94
7399,Business Services (Not Elsewhere Classified),"Merchants classified with this MCC provide business Answering Services – 4215 – Courier Services – Air and services that are not typically considered to be Telephone Ground, and Freight Forwarders “professions” and are not classified with a more Conference Management 7299 – Miscellaneous Personal specific MCC. Services Services (Not Elsewhere Classified) Convention Bureaus 7311 – Advertising Services Cosmetics Distributors 7338 – Quick Copy, Reproduction, Event Planning and and Blueprinting Services Management 7393 – Detective Agencies, Protective Keys – Locksmith Services, and Security Services, including Armored Cars, and Guard Language, Translation Dogs Services",,,94
7999,– Recreation Services (Not,"Locksmith Elsewhere Classified) Mail, Packing Stores, Meeting Planning Services April 2025 VISA PUBLIC 90",,,94
7512,Automobile Rental Agency,Merchants classified with this MCC are car rental Car Rentals 7513 – Truck and Utility Trailer agencies that do not have designated unique MCCs. Rentals This also includes car-sharing schemes (known as 7519 – Motor Home and Recreational “car-clubs” in the UK) Vehicle Rentals,,,95
7513,Truck and Utility Trailer Rentals,"Merchants classified with this MCC provide short-term Leasing Services – Trucks, 7394 – Equipment, Tool, Furniture, rental or long-term leasing of trucks, vans, or utility Utility Trailers and Appliance Rental and Leasing trailers. 7512 – Automobile Rental Agency",,,95
7519,– Motor Home and Recreational,Vehicle Rentals,,,95
7519,Motor Home and Recreational Vehicle Rentals,"Merchants classified with this MCC rent motor homes, 4457 – Boat Rentals and Leasing RVs, campers, tent trailers, and other recreational 7513 – Truck and Utility Trailer vehicles on daily, short-term, or extended-term basis. Rentals",,,95
7999,– Recreation Services (Not,Elsewhere Classified),,,95
7523,"Parking Lots, Parking Meters and Garages","Merchants classified with this MCC provide temporary Parking Garages parking services for all modes of transportation, usually on an hourly, daily, or monthly contract or fee basis. April 2025 VISA PUBLIC 91",,,95
7531,Automotive Body Repair Shops,Merchants classified with this MCC perform Car Body Repair Shops 7534 – Tire Retreading and Repair automotive body repair work and may paint Auto Body Shops Shops automobiles in conjunction with body repair work. 7535 – Automotive Paint Shops,,,96
7538,– Automotive Service Shops,(Non-Dealer),,,96
7534,Tire Retreading and Repair Shops,"Merchants classified with this MCC sell, install, repair, Car Tires – Retreads 5532 – Automotive Tire Stores or retread old tires. Repairs – Tire Retreading, 7531 – Automotive Body Repair Repair Shops Shops",,,96
7535,– Automotive Paint Shops,,,,96
7538,– Automotive Service Shops,(Non-Dealer),,,96
7535,Automotive Paint Shops,"Merchants classified with this MCC paint, refinish, and Car Paint Shops 7531 – Automotive Body Repair restore automobiles. Shops",,,96
7538,– Automotive Service Shops,(Non-Dealer),,,96
7538,Automotive Service Shops (Non-Dealer),"Merchants classified with this MCC conduct Automotive Glass 5541 – Service Stations (with or automotive repairs and general or specific services. Repair/Replacement without Ancillary Services) Car Service Shops 7531 – Automotive Body Repair Lube Stations – Quick Stop Shops Muffler Shops 7534 – Tire Retreading and Repair Shops Oil Changers – Lube Stations 7535 – Automotive Paint Shops Repairs – Automotive 7542 – Car Washes Service Shops 7549 – Towing Services Tune-Up Shops – Automotive Wheel Alignment, Balancing, Repair Service – Automotive",,,96
7542,Car Washes,"Merchants classified with this MCC wash, wax, and Auto Detailing 5541 – Service Stations (With or polish automobiles or provide self-service facilities. Automotive Cleaning, Without Ancillary Services) Waxing 7538 – Automotive Service Shops Cleaning, Polishing – (Non-Dealer) Automotive April 2025 VISA PUBLIC 92",,,96
7549,Towing Services,Merchants classified with this MCC provide vehicle 5935 – Wrecking and Salvage towing services. Yards,,,97
7622,Electronics Repair Shops,"Merchants classified with this MCC repair electronics Radio, Television, Stereo, 7629 – Electrical and Small Appliance (excluding appliances) such as radios, televisions, Electronics Repair Shops Repair Shops stereo equipment, and computers. Repairs – Radio, 7699 – Miscellaneous Repair Shops Services – Television, and Related Services Radio, Stereo, Electronics",,,97
7623,Air Conditioning and Refrigeration Repair Shops,"Merchants classified with this MCC service and repair Refrigeration Repair Shops 7629 – Electrical and Small household and commercial air conditioning and Repairs – Air Conditioning, Appliance Repair Shops refrigeration systems. Refrigeration Repair Shops 7699 – Miscellaneous Repair Shops and Related Services",,,97
7629,Electrical and Small Appliance Repair Shops,"Merchants classified with this MCC service and repair Repairs – Office Machines 5978 – Typewriter Stores – Sales, household and commercial electrical components, Rentals, and Service small appliances (such as microwaves, toaster ovens, 7622 – Electronics Repair Shops and toasters), and electrical office machines,",,,97
7623,– Air Conditioning and,excluding typewriters. Refrigeration Repair Shops,,,97
7699,– Miscellaneous Repair Shops,and Related Services,,,97
7631,"Watch, Clock and Jewelry Repair","Merchants classified with this MCC clean and repair 5944 – Jewelry Stores, Watches, all types of watches, clocks, and fine jewelry. Clocks, and Silverware Stores",,,97
7641,"Furniture – Reupholstery, Repair, and Refinishing","Merchants classified with this MCC reupholster, Furniture Repair, 5712 – Furniture, Home Furnishings repair, refinish, and restore furniture. Reupholstery and Equipment Stores, Except Refinishing – Furniture Appliances Repair, Reupholstery",,,97
7692,Welding Services,Merchants classified with this MCC perform welding Services – Welding Repair 1799 – Special Trade Contractors services and repair. (Not Elsewhere Classified) April 2025 VISA PUBLIC 93,,,97
7699,Miscellaneous Repair Shops and Related Services,Merchants classified with this MCC provide service Chimney Cleaning Service 7531 – Automotive Body Repair and repair work and are not classified with a more Furnace Cleaning Service Shops specific MCC. Machine Shops 7534 – Tire Retreading and Repair Services – Large Appliance Shops Repair 7538 – Automotive Service Shops Services – Bicycle Repair (Non-Dealer) Services – Orthopedic 7622 – Electronics Repair Shops Device Repair 7623 – Air Conditioning and Refrigeration Repair Shops,,,98
7629,– Electrical and Small,Appliance Repair Shops,,,98
7631,"– Watch, Clock and Jewelry",Repair,,,98
7641,"– Furniture – Reupholstery,","Repair, and Refinishing",,,98
7692,– Welding Services,,,,98
7800,Government-Owned Lotteries (US Region only),Merchants classified with this MCC are government- 7801 – Government Licensed On- owned lotteries in the US Region that are registered Line Casinos (On-Line Gambling) with Visa to sell lottery tickets.,,,98
7801,Government Licensed On-Line Casinos (On-Line Gambling) (US Region only),Merchants classified with this MCC are licensed by a 7800 – Government-Owned Lotteries US government entity (and/or sanctioned and regulated by applicable legislation) and registered with Visa to sell virtual gambling chips or offer online gambling.,,,98
7802,Government-Licensed Horse/Dog Racing (US Region only),Merchants classified with this MCC are licensed by a US government entity (and/or sanctioned and regulated by applicable legislation) and registered with Visa to sell on- or off-track wagers at horse- or dog-racing facilities.,,,98
7829,Motion Picture and Video Tape Production and Distribution,"Merchants classified with this MCC are business-to- Distributor – Motion Picture, 7399 – Business Services (Not business or wholesale producers and distributors of Video Tape Production, Elsewhere Classified) educational and industrial films and videos for Distribution 7841 – DVD/Video Tape Rental exhibition and sale. Educational, Training Film Stores Production 8999 – Professional Services (Not Film Production, Elsewhere Classified) Distribution TV Commercial Production April 2025 VISA PUBLIC 94",,,98
7832,Motion Picture Theaters,Merchants classified with this MCC operate movie Cinemas 7841 – DVD/Video Tape Rental theaters and sell tickets and refreshments or sell Entertainment – Movie Stores movie tickets online. Theaters 7922 – Theatrical Producers (Except Films – Movie Theaters Motion Pictures) and Ticket Agencies,,,99
7841,DVD/Video Tape Rental Stores,Merchants classified with this MCC rent DVDs/video Rentals – DVD/Video Tape 7829 – Motion Picture and Video tapes for personal use and may sell a limited Stores Tape Production and Distribution selection of used videos/DVDs and refreshments.,,,99
7911,"Dance Halls, Studios and Schools","Merchants classified with this MCC operate dance Ballet Schools 7922 – Theatrical Producers (Except studios, schools, and public dance halls or ballrooms. Ballroom Dance Instruction Motion Pictures) and Ticket Agencies Dance Schools",,,99
7999,– Recreation Services (Not,Schools – Ballroom Dance Elsewhere Classified) Instruction Studios – Dance,,,99
7922,Ticket Agencies and Theatrical Producers (Except Motion Pictures),"Merchants classified with this MCC operate live Agencies – Ticket, 7832 – Motion Picture Theaters theatrical productions (such as road companies and Theatrical Producers 7911 – Dance Halls, Studios and summer theater groups) and services associated with Performing Arts Companies Schools theatrical productions and concerts (such as casting – Theatrical 7929 – Bands, Orchestras, and agencies, booking agencies, scenery, lighting, and Producers – Theatrical Miscellaneous Entertainers (Not other equipment services, and theatrical ticket Production Agencies – Elsewhere Classified) agencies). Theatrical Ticket Agencies",,,99
7929,"Bands, Orchestras, and Miscellaneous Entertainers (Not Elsewhere Classified)","Merchants classified with this MCC provide DJs entertainment other than theatrical productions (such Dance Bands as musicians, bands, orchestras, and other types of Magicians entertainers such as comedians and magicians). Music Bands Musicians",,,99
7932,Billiard and Pool Establishments,Merchants classified with this MCC operate Billiard Parlors 7999 – Recreation Services (Not establishments that rent the use of pool or billiard Snooker Parlors Elsewhere Classified) tables and other games for entertainment. April 2025 VISA PUBLIC 95,,,99
7933,Bowling Alleys,Merchants classified with this MCC operate bowling 5812 – Eating Places and alleys for entertainment. Restaurants,,,100
5813,– Drinking Places (Alcoholic,"Beverages) – Bars, Taverns, Nightclubs, Cocktail Lounges, and Discotheques",,,100
7999,– Recreation Services (Not,Elsewhere Classified),,,100
7941,"Commercial Sports, Professional Sports Clubs, Athletic Fields, and Sports Promoters","Merchants classified with this MCC operate and Arenas – Sports 7999 – Recreation Services (Not promote semiprofessional and professional athletic Athletic Fields Elsewhere Classified) clubs (such as baseball, basketball, football, hockey, Automotive Race Tracks – soccer), promote amateur and professional athletic Non-Participatory events, manage individual athletes, and manage Clubs – Professional Sports sports arenas and stadiums. Professional Sports Clubs Promoters – Sporting Events Race Tracks – Entrance Fee, Non-Betting Transactions Sports Promoters Stadiums",,,100
7991,Tourist Attractions and Exhibits,"Merchants classified with this MCC operate a variety Arboretums 5971 – Art Dealers and Galleries of tourist attractions and exhibits for entertainment, Art Museums 7996 – Amusement Parks, Circuses, such as botanical gardens, craft shows, museums, Botanical Gardens Carnivals, and Fortune Tellers and wineries. Exhibits 7998 – Aquariums, Seaquariums, Dolphinariums, and Zoos Expositions",,,100
7999,– Recreation Services (Not,"Museums Elsewhere Classified) Wineries Public Golf Courses 7992 Merchants classified with this MCC operate public golf 7997 – Membership Clubs (Sports, courses. Recreation, Athletic), Country Clubs, and Private Golf Courses Video Amusement Game Supplies 7993 Merchants classified with this MCC sell coin-operated 7994 – Video Game amusement machines such as video game machines, Arcades/Establishments jukeboxes, pinball machines, slot machines, mechanical games, instant photograph booths, and similar types of amusement equipment and game supplies. Merchants that operate video and game arcades for public use must be classified with MCC",,,100
7994,– Video Game Arcades/Establishments.,April 2025 VISA PUBLIC 96,,,100
7999,– Recreation Services (Not,Elsewhere Classified),,,101
7995,"Betting, including Lottery Tickets, Casino Gaming Chips, Off-Track Betting, Wagers at Race Tracks and games of chance to","win prizes of monetary value Merchants classified with this MCC operate games Betting – Casino Gaming 7800 – Government-Owned Lottery of chance to win prizes of monetary value or betting Chips 7801 – Government-Licensed On- establishments. Line Casinos (On-Line Gambling) Betting – Lottery Tickets Merchants that are unable to distinguish a betting 7802 – Government-Licensed Betting – Off-Track transaction from other transactions, must identify all Horse/Dog Racing Betting – Wagers transactions with MCC 7995. Bingo Parlors Raffle Tickets Unlicensed Foreign Exchange Trading or Binary Options Sweepstakes",,,101
7996,"Amusement Parks, Circuses, Carnivals, and Fortune Tellers","Merchants classified with this MCC operate circuses, County Fairs 7991 – Tourist Attractions and carnivals, and amusement and theme parks that offer Fairs Exhibits mechanical rides, snacks and food stands, games, Mystics 7999 – Recreation Services (Not animal exhibits, and entertainment, as well as fortune- Elsewhere Classified) Tarot Readings telling, astrology, mystic, and tarot card-reading services. State Fairs",,,101
7997,"Membership Clubs (Sports, Recreation, Athletic), Country Clubs, and Private Golf Courses","Merchants classified with this MCC operate sports Athletic Clubs – Physical 7297 – Massage Parlors and recreation facilities that require membership such Fitness 7298 – Health and Beauty Spas as exercise, athletic and health clubs, country clubs, Boating Clubs 7992 – Public Golf Courses private golf courses, boating and yacht clubs, Clubs – Boating swimming clubs, tennis clubs, bowling leagues, riding Clubs – Gun clubs, shooting and gun clubs, and racquetball clubs, and may also provide spa services Clubs – Racquetball Clubs – Sailing Clubs – Sports Clubs – Tennis Clubs – Yacht Country Clubs Exercise Clubs Fitness Clubs April 2025 VISA PUBLIC 97",,,101
7998,"Aquariums, Seaquariums, Dolphinariums, and Zoos",Merchants classified with this MCC operate zoos or Sea Life Parks 7991 – Tourist Attractions and sea life parks for entertainment and education for the Exhibits general public.,,,102
7999,Recreation Services (Not Elsewhere Classified),Merchants classified with this MCC provide a wide Aircraft Rentals 4457 – Boat Rentals and Leasing variety of recreation and entertainment services that Ballooning 7032 – Sporting and Recreational require active physical participation and that are not Batting Cages Camps classified with a more specific MCC. Bicycle Rentals including 7033 – Trailer Parks and electric scooters Campgrounds Fishing/Hunting Licenses 7298 – Health and Beauty Spas Games Instruction 7519 – Motor Home and Recreational Vehicle Rentals Golf – Driving Ranges,,,102
7932,– Billiard and Pool,Horseback Riding Establishments Instruction – Games,,,102
7933,– Bowling Alleys,Miniature Golf,,,102
7941,"– Commercial Sports,","Motorcycle Rentals Professional Sports Clubs, Athletic Parachuting Fields, and Sports Promoters Public Swimming Pools 7991 – Tourist Attractions and Recreational Services – Exhibits Aircraft Rentals 7992 – Public Golf Courses Recreational Services – 7994 – Video Game Driving Ranges Arcades/Establishments Recreational Services – 7996 – Amusement Parks, Circuses, Miniature Golf Carnivals, and Fortune Tellers Recreational Services – Ski 7997 – Membership Clubs (Sports, Slopes Recreation, Athletic), Country Clubs, Recreational Services – and Private Golf Courses Sport, Games Instruction 7998 – Aquariums, Seaquariums, Resorts – Miscellaneous Dolphinariums, and Zoos Resorts – Ski Roller Skating Rinks Shooting Ranges Sky Diving",,,102
8011,Doctors and Physicians (Not Elsewhere Classified),Merchants classified with this MCC are licensed Cosmetic Surgeons 8021 – Dentists and Orthodontists physicians engaged in a practice of general or Dermatologists 8031 – Osteopaths specialized medicine and surgery that is not classified Gynecologists 8041 – Chiropractors with a more specific MCC. Medical Professionals – 8042 – Optometrists and April 2025 VISA PUBLIC 98,,,102
8021,Dentists and Orthodontists,Merchants classified with this MCC are licensed 8011 – Doctors and Physicians (Not physicians that practice general or specialized Elsewhere Classified) dentistry such as dental surgery. 8099 – Medical Services and Health Practitioners (Not Elsewhere Classified),,,103
8031,Osteopaths,Merchants classified with this MCC provide therapy 8011 – Doctors and Physicians (Not involving the non-surgical manipulation and Elsewhere Classified) adjustment of bone structures. 8041 – Chiropractors,,,103
8099,– Medical Services and Health,Practitioners (Not Elsewhere Classified),,,103
8041,Chiropractors,Merchants classified with this MCC provide therapy in 8011 – Doctors and Physicians (Not which the spinal column and limbs are manipulated or Elsewhere Classified) adjusted. 8031 – Osteopaths8099 – Medical Services and Health Practitioners (Not Elsewhere Classified),,,103
8042,Optometrists and Ophthalmologists,"Merchants classified with this MCC are licensed Eye Doctors 8011 – Doctors and Physicians (Not physicians that examine and treat eye defects with Elsewhere Classified) corrective eyeglasses or contacts or surgical 8043 – Opticians, Optical Goods, and techniques, treat eye diseases, and may fill contact or Eyeglasses eyeglass prescriptions and sell eyeglass frames.",,,103
8099,– Medical Services and Health,Practitioners (Not Elsewhere Classified),,,103
8043,"Opticians, Optical Goods, and Eyeglasses","Merchants classified with this MCC perform eye Eyeglass Stores 8011 – Doctors and Physicians examinations, write prescriptions, make and sell (Not Elsewhere Classified) eyeglasses, and sell other optical goods. 8042 – Optometrists and Ophthalmologists April 2025 VISA PUBLIC 99",,,103
8099,– Medical Services and Health,Practitioners (Not Elsewhere Classified),,,104
8049,Podiatrists and Chiropodists,"Merchants classified with this MCC are licensed Doctors – Chiropodists, 8011 – Doctors and Physicians (Not physicians specializing in diagnosing and treating foot Podiatrists Elsewhere Classified) ailments. Foot Doctors 8099 – Medical Services and Health Medical Professionals – Practitioners (Not Elsewhere Podiatrists Classified)",,,104
8050,"Nursing, Home Healthcare and Personal Care Facilities","Merchants classified with this MCC provide inpatient Convalescent Homes 8062 – Hospitals nursing or health-related personal care services and Elder Housing operate convalescent/nursing homes, hospice Hospice Facilities facilities, offer care in home/residential environment Nursing Homes and other long-term care facilities that generally do not offer surgery. Rest Homes Elder Care Skilled and Unskilled Home Care",,,104
8062,Hospitals,"Merchants classified with this MCC are hospitals that 0742 – Veterinary Services provide diagnostic services, extensive medical 8050 – Nursing and Personal Care treatment, surgery, continuous nursing services, Facilities mental and psychiatric care, and other hospital services.",,,104
8071,Medical and Dental Laboratories,Merchants classified with this MCC provide medical 8011 – Doctors and Physicians (Not and dental laboratory services. Elsewhere Classified),,,104
8021,– Dentists and Orthodontists,,,,104
8099,Medical Services and Health Practitioners (Not Elsewhere Classified),"Merchants classified with this MCC are medical Blood Banks 8011 – Doctors and Physicians (Not professionals that are not classified with a more Chemical Dependency Elsewhere Classified) specific MCC. Treatment Centers 8021 – Dentists and Orthodontists Fertility Clinics 8031 – Osteopaths Hair Replacements – 8041 – Chiropractors Surgical 8042 – Optometrists and Health Practitioners, Ophthalmologists Medical Services 8043 – Opticians, Optical Goods, Hearing Testing Services and Eyeglasses Massage – Therapeutic 8049 – Podiatrists and Chiropodists Medical Professionals – 8050 – Nursing and Personal Care Medical Services, Health Facilities April 2025 VISA PUBLIC 100",,,104
8071,– Medical and Dental,"Physical Therapists Laboratories Psychiatrists Psychologists Services – Medical Services, Health Practitioners Sports Medicine Clinics Therapists",,,105
8111,Legal Services and Attorneys,"Merchants classified with this MCC are headed by Attorneys 7277 – Counseling Services – Debt, members of the bar and provide legal advice and Law Offices Marriage, and Personal services. Lawyers",,,105
8211,Elementary and Secondary Schools,"Merchants classified with this MCC are elementary Grade Schools 8220 – Colleges, Universities, and secondary schools that provide academic Grammar Schools Professional Schools, and Junior instruction. Colleges High Schools",,,105
8241,– Correspondence Schools,Middle Schools,,,105
8244,– Business and Secretarial,Schools – Kindergartens Schools,,,105
8249,– Vocational and Trade Schools,,,,105
8299,– Schools and Educational,Services (Not Elsewhere Classified),,,105
8351,– Child Care Services,,,,105
8220,"Colleges, Universities, Professional Schools, and Junior Colleges","Merchants classified with this MCC are community Community Colleges 8211 – Elementary and Secondary and junior colleges, universities, theological Graduate Schools Schools seminaries and professional schools (such as dental, 8241 – Correspondence Schools law, engineering, medical) that provide academic",,,105
8244,– Business and Secretarial,courses and grant academic degrees. Schools,,,105
8249,– Vocational and Trade,Schools,,,105
8299,– Schools and Educational,Services (Not Elsewhere Classified),,,105
8241,Correspondence Schools,Merchants classified with this MCC are 8299 – Schools and Educational correspondence schools that offer educational and Services (Not Elsewhere Classified) instruction through the mail/internet by sending lessons and examinations to the student.,,,105
8244,Business and Secretarial Schools,Merchants classified with this MCC are business and Computer Training 8249 – Vocational and Trade Schools secretarial schools that offer general business training 8299 – Schools and Educational April 2025 VISA PUBLIC 101,,,105
8249,Vocational and Trade Schools,"Merchants classified with this MCC offer training and Technical Institutes 8244 – Business and Secretarial instruction in specialized professions such as welding, Schools mechanics, carpentry, real estate, and truck driving. 8299 – Schools and Educational Services (Not Elsewhere Classified)",,,106
8241,– Correspondence Schools,,,,106
8299,Schools and Educational Services (Not Elsewhere Classified),"Merchants classified with this MCC offer educational Art Schools 7911 – Dance Halls, Studios and courses and services that are not classified with a Automobile Driving Schools more specific MCC. Instruction 8211 – Elementary and Secondary Aviation Instruction Schools Cooking Schools 8220 – Colleges, Universities, Professional Schools, and Junior Culinary Instruction Colleges Driver Education Class,",,,106
8241,– Correspondence Schools,School,,,106
8244,– Business and Secretarial,Flying Instruction School Schools Job Training Services,,,106
8249,– Vocational and Trade Schools,"Karate Schools Modeling Schools Schools – Art Schools – Automobile Driving Instruction Services – Schools, Educational Services Traffic School",,,106
8351,Child Care Services,Merchants classified with this MCC provide care for Babysitting Services 8299 – Schools and Educational infants or children. Children – Day Care Services (Not Elsewhere Classified) Services Nannies Nursery Schools Preschool Centers,,,106
8398,Charitable Social Service Organizations,"Merchants classified with this MCC are non-political Fund-Raising Organizations 5931 – Used Merchandise and fund-raising organizations engaged in soliciting – Non-Political Secondhand Stores charitable donations/contributions on behalf of Organizations – Non- 8641 – Civic, Social, and Fraternal organizations engaged in social welfare services, or Political Associations social service organizations engaged in social welfare Public Radio, Television 8651 – Political Organizations services. Crowd Funding Merchants 8661 – Religious Organizations",,,106
8675,– Automobile Associations,This MCC also includes crowd funding Merchants that April 2025 VISA PUBLIC 102,,,106
